"""Hide from AskMerra"" is set on the product.","„In AskMerra ausblenden“ ist beim Produkt aktiviert."
"%1 failed products are tried again.","Neuer Versuch für %1 fehlgeschlagene Produkte."
"%1 products are still waiting; cron continues with them.","%1 Produkte warten noch; der Cron arbeitet sie weiter ab."
"%1 products queued for the rebuild. Cron sends those whose content changed within the next minutes.","%1 Produkte für den Neuaufbau in die Warteschlange gestellt. Der Cron sendet in den nächsten Minuten diejenigen, deren Inhalt sich geändert hat."
"%1 products sent, %2 waiting, %3 failed.","%1 Produkte gesendet, %2 wartend, %3 fehlgeschlagen."
"%1 products were queued for AskMerra; they are sent within a minute (only those whose content changed).","%1 Produkte wurden für AskMerra in die Warteschlange gestellt; sie werden innerhalb einer Minute gesendet (nur die, deren Inhalt sich geändert hat)."
"%1 products were removed from AskMerra.","%1 Produkte wurden aus AskMerra entfernt."
"%1 was added to your cart.","%1 wurde in Ihren Warenkorb gelegt."
"%1, %2 KB, %3","%1, %2 KB, %3"
"-- No brand --","-- Keine Marke --"
"<strong>JSON</strong> carries every selected attribute. <strong>Google Shopping XML</strong> can also be used for Google Merchant Center, but only keeps standard attributes (colour, size, material, gender, GTIN, EAN, skin type, ingredients, volume, weight...).","<strong>JSON</strong> enthält alle ausgewählten Attribute. <strong>Google Shopping XML</strong> lässt sich auch für Google Merchant Center verwenden, behält aber nur Standardattribute (Farbe, Größe, Material, Geschlecht, GTIN, EAN, Hauttyp, Inhaltsstoffe, Volumen, Gewicht...)."
"<strong>Push API</strong> sends changes within about a minute and removes deleted products. <strong>Feed</strong> publishes a file that AskMerra downloads every 1 to 6 hours (depending on your plan) - add its URL in the AskMerra dashboard, under Catalog > Add source > Feed URL.","<strong>Push API</strong> sendet Änderungen innerhalb von etwa einer Minute und entfernt gelöschte Produkte. <strong>Feed</strong> veröffentlicht eine Datei, die AskMerra alle 1 bis 6 Stunden herunterlädt (je nach Ihrem Tarif) - fügen Sie deren URL im AskMerra-Dashboard unter Katalog > Quelle hinzufügen > Feed-URL hinzu."
"A safety net: every product is rebuilt and compared - still only changed ones are sent. Runs at the maintenance time, spread over the following minutes.","Ein Sicherheitsnetz: Jedes Produkt wird neu aufgebaut und verglichen - gesendet werden trotzdem nur geänderte. Läuft zur Wartungszeit, verteilt auf die folgenden Minuten."
"AI Shopping Assistant","KI-Shopping-Assistent"
"API URL","API-URL"
"Add to cart from the chat","Aus dem Chat in den Warenkorb legen"
"Advanced","Erweitert"
"After adding to cart","Nach dem Hinzufügen zum Warenkorb"
"Analytics consent","Statistik-Einwilligung"
"As set in the AskMerra designer","Wie im AskMerra-Designer festgelegt"
"AskMerra","AskMerra"
"AskMerra could not be reached: %1","AskMerra konnte nicht erreicht werden: %1"
"AskMerra does not accept the catalog of %1: the secret key was refused or the AskMerra shop is suspended. Changes are kept and sent once fixed. <a href=""%2"">See the sync status</a>.","AskMerra nimmt den Katalog von %1 nicht an: Der geheime Schlüssel wurde abgelehnt oder der AskMerra-Shop ist gesperrt. Änderungen bleiben erhalten und werden gesendet, sobald das Problem behoben ist. <a href=""%2"">Sync-Status anzeigen</a>."
"AskMerra does not sync any store view yet. Check its settings.","AskMerra synchronisiert noch keinen Store View. Prüfen Sie die AskMerra-Einstellungen."
"AskMerra does not sync this store view. Check its settings.","AskMerra synchronisiert diesen Store View nicht. Prüfen Sie seine Einstellungen."
"AskMerra has an older version; the change is sent by the queue.","AskMerra hat eine ältere Version; die Änderung wird über die Warteschlange gesendet."
"AskMerra has this version.","AskMerra hat diese Version."
"AskMerra product sync","AskMerra-Produktsynchronisierung"
"AskMerra refused the secret key (%1). Check that it is copied whole, not revoked, and that the AskMerra shop is active.","AskMerra hat den geheimen Schlüssel abgelehnt (%1). Prüfen Sie, ob er vollständig kopiert und nicht widerrufen wurde und ob der AskMerra-Shop aktiv ist."
"AskMerra refuses this store view's key since %1: %2","AskMerra lehnt den Schlüssel dieses Store Views seit %1 ab: %2"
"AskMerra sync status","AskMerra-Sync-Status"
"AskMerra: %1","AskMerra: %1"
"AskMerra: the catalog of %1 store view(s) is being rebuilt; only products whose content changed are sent. Follow it under Marketing > AskMerra > Sync status.","AskMerra: Der Katalog von %1 Store View(s) wird neu aufgebaut; gesendet werden nur Produkte, deren Inhalt sich geändert hat. Verfolgen Sie den Fortschritt unter Marketing > AskMerra > Sync-Status."
"Attempts","Versuche"
"Automatic (Google Consent Mode / Tag Manager)","Automatisch (Google Consent Mode / Tag Manager)"
"Automatic (from the store view locale)","Automatisch (aus dem Gebietsschema des Store Views)"
"Being prepared: %1 products to go. The URL works once the whole catalog is ready.","In Vorbereitung: noch %1 Produkte. Die URL funktioniert, sobald der gesamte Katalog bereit ist."
"Being prepared: it is published once the whole catalog is ready (%1 products to go).","In Vorbereitung: Die Datei wird veröffentlicht, sobald der gesamte Katalog bereit ist (noch %1 Produkte)."
"Bottom left","Unten links"
"Bottom right","Unten rechts"
"Brand attribute","Markenattribut"
"Catalog","Katalog"
"Catalog, Search","Katalog, Suche"
"Category IDs, separated by commas; their subcategories are excluded too. To leave out single products, set <strong>Hide from AskMerra</strong> on the product (AskMerra tab).","Kategorie-IDs, durch Kommas getrennt; ihre Unterkategorien werden ebenfalls ausgeschlossen. Um einzelne Produkte auszuschließen, aktivieren Sie <strong>In AskMerra ausblenden</strong> im Produkt (Registerkarte AskMerra)."
"Change only for an AskMerra test environment.","Nur für eine AskMerra-Testumgebung ändern."
"Check connection","Verbindung prüfen"
"Checking...","Wird geprüft..."
"Checks the keys as typed, before saving.","Prüft die Schlüssel wie eingegeben, vor dem Speichern."
"Connected to the AskMerra shop ""%1"".","Verbunden mit dem AskMerra-Shop „%1“."
"Connection","Verbindung"
"Create the keys in your AskMerra dashboard, under <strong>API keys</strong>. One AskMerra shop has one currency: a store view in another currency (or another brand) connects to its own AskMerra shop - switch the scope to that store view and enter its keys there.","Erstellen Sie die Schlüssel in Ihrem AskMerra-Dashboard unter <strong>API-Schlüssel</strong>. Ein AskMerra-Shop hat eine einzige Währung: Ein Store View in einer anderen Währung (oder einer anderen Marke) wird mit einem eigenen AskMerra-Shop verbunden - wechseln Sie den Geltungsbereich zu diesem Store View und geben Sie dort seine Schlüssel ein."
"Cron is sending the queue right now. Check again in a minute.","Der Cron sendet gerade die Warteschlange. Prüfen Sie es in einer Minute erneut."
"Daily check","Tägliche Prüfung"
"Daily check done: %1 missing products and %2 products that left the catalog were queued, %3 with special prices starting or ending today.","Tägliche Prüfung abgeschlossen: %1 fehlende Produkte und %2 Produkte, die den Katalog verlassen haben, wurden in die Warteschlange gestellt, %3 mit Sonderpreisen, die heute beginnen oder enden."
"Daily maintenance at","Tägliche Wartung um"
"Debug log","Debug-Log"
"Description","Beschreibung"
"Desktop only.","Nur auf Desktop-Geräten."
"Enable AskMerra","AskMerra aktivieren"
"English","Englisch"
"Enter the secret key (sk_live_...) from your AskMerra dashboard, API keys.","Geben Sie den geheimen Schlüssel (sk_live_...) aus Ihrem AskMerra-Dashboard ein (API-Schlüssel)."
"Error","Fehler"
"Every 12 hours","Alle 12 Stunden"
"Every 3 hours","Alle 3 Stunden"
"Every 6 hours","Alle 6 Stunden"
"Every 8 hours","Alle 8 Stunden"
"Every day","Jeden Tag"
"Every feed gets a new URL and the old ones stop working. Update the feed sources in AskMerra afterwards. Continue?","Jeder Feed erhält eine neue URL, und die alten funktionieren nicht mehr. Aktualisieren Sie danach die Feed-Quellen in AskMerra. Fortfahren?"
"Every hour","Stündlich"
"Every month, on the 1st","Jeden Monat, am 1."
"Every week, on Sunday (recommended)","Jede Woche, am Sonntag (empfohlen)"
"Exclude categories","Kategorien ausschließen"
"Failed","Fehlgeschlagen"
"Feed URL","Feed-URL"
"Feed URL for AskMerra (Catalog, Add source, Feed URL): %1","Feed-URL für AskMerra (Katalog, Quelle hinzufügen, Feed-URL): %1"
"Feed URLs","Feed-URLs"
"Feed file","Feed-Datei"
"For configurable products: the sizes, colours... a shopper can choose are sent as attributes of the product. The product itself is sent once, not once per variant.","Für konfigurierbare Produkte: Die Größen, Farben..., die ein Kunde wählen kann, werden als Attribute des Produkts gesendet. Das Produkt selbst wird einmal gesendet, nicht einmal pro Variante."
"Format","Format"
"French","Französisch"
"Full rebuild","Vollständiger Neuaufbau"
"Generate now or change the secret part on the Sync status page.","Jetzt erzeugen oder den geheimen Teil auf der Seite Sync-Status ändern."
"German","Deutsch"
"Give the feeds new URLs","Neue Feed-URLs erzeugen"
"Go to the cart page","Zur Warenkorbseite wechseln"
"Google Shopping XML","Google Shopping XML"
"Hide from AskMerra","In AskMerra ausblenden"
"Hide until it happens again","Ausblenden, bis es erneut auftritt"
"How AskMerra gets the catalog","Wie AskMerra den Katalog erhält"
"How products are matched between Magento and AskMerra. Product ID never changes; choose SKU only if your other AskMerra data already uses SKUs. Changing it later replaces the whole catalog in AskMerra.","Wie Produkte zwischen Magento und AskMerra zugeordnet werden. Die Produkt-ID ändert sich nie; wählen Sie SKU nur, wenn Ihre übrigen AskMerra-Daten bereits SKUs verwenden. Eine spätere Änderung ersetzt den gesamten Katalog in AskMerra."
"Images per product","Bilder pro Produkt"
"In the AskMerra dashboard: Catalog, Add source, Feed URL. The URL holds a secret part - share it only with AskMerra.","Im AskMerra-Dashboard: Katalog, Quelle hinzufügen, Feed-URL. Die URL enthält einen geheimen Teil - teilen Sie sie nur mit AskMerra."
"Include out-of-stock products","Nicht vorrätige Produkte einbeziehen"
"Include variant options","Variantenoptionen einbeziehen"
"It has no name in this store view.","Es hat in diesem Store View keinen Namen."
"It is in an excluded category.","Es befindet sich in einer ausgeschlossenen Kategorie."
"It is out of stock, and out-of-stock products are not sent.","Es ist nicht auf Lager, und nicht vorrätige Produkte werden nicht gesendet."
"It is still in AskMerra and is removed by the queue.","Es ist noch in AskMerra und wird über die Warteschlange entfernt."
"Italian","Italienisch"
"JSON - all attributes (recommended)","JSON - alle Attribute (empfohlen)"
"Know the product being viewed","Das angesehene Produkt kennen"
"Language","Sprache"
"Language / currency","Sprache / Währung"
"Last product sent","Zuletzt gesendetes Produkt"
"Latest errors","Letzte Fehler"
"Look, greeting, colours and where the chat shows are set in the AskMerra widget designer. Headless storefronts (PWA Studio, ScandiPWA...) read these settings with the GraphQL query <code>askMerraWidgetConfig</code> - see the module README.","Aussehen, Begrüßung, Farben und wo der Chat erscheint, legen Sie im AskMerra-Widget-Designer fest. Headless-Frontends (PWA Studio, ScandiPWA...) lesen diese Einstellungen mit der GraphQL-Abfrage <code>askMerraWidgetConfig</code> - siehe README des Moduls."
"Magento cookie notice","Cookie-Hinweis von Magento"
"Magento cron has not processed the AskMerra queue in the last 15 minutes. Without cron nothing is sent: check that bin/magento cron:run runs every minute.","Der Magento-Cron hat die AskMerra-Warteschlange in den letzten 15 Minuten nicht verarbeitet. Ohne Cron wird nichts gesendet: Prüfen Sie, ob bin/magento cron:run jede Minute ausgeführt wird."
"Manual (set by my cookie banner)","Manuell (durch mein Cookie-Banner gesetzt)"
"Next attempt","Nächster Versuch"
"No product with the ID or SKU ""%1"".","Kein Produkt mit der ID oder SKU „%1“."
"No secret key: not needed with a product feed - AskMerra downloads the feed URL shown under Product feed.","Kein geheimer Schlüssel: Bei einem Produkt-Feed nicht nötig - AskMerra lädt die im Abschnitt Produkt-Feed angezeigte Feed-URL herunter."
"No site key: the chat widget will not show on the storefront.","Kein Website-Schlüssel: Das Chat-Widget wird im Frontend nicht angezeigt."
"No store view in this scope sends its catalog as a feed. Set ""How AskMerra gets the catalog"" to ""Product feed"" and save.","Kein Store View in diesem Geltungsbereich sendet seinen Katalog als Feed. Setzen Sie „Wie AskMerra den Katalog erhält“ auf „Produkt-Feed“ und speichern Sie."
"Not in AskMerra yet.","Noch nicht in AskMerra."
"Not needed on this site","Nicht erforderlich auf dieser Website"
"Not offered in this store view: deleted, disabled, not visible, not in its website or of a product type that is not sent.","In diesem Store View nicht angeboten: gelöscht, deaktiviert, nicht sichtbar, nicht seiner Website zugeordnet oder von einem Produkttyp, der nicht gesendet wird."
"Not syncing: no secret key","Keine Synchronisierung: kein geheimer Schlüssel"
"Not written yet.","Noch nicht erzeugt."
"Not written yet: it is written at the next scheduled run.","Noch nicht erzeugt: Er wird bei der nächsten geplanten Ausführung erzeugt."
"Off","Deaktiviert"
"Off by default so shoppers are not distracted while paying. The order success page always loads the widget when orders are reported.","Standardmäßig deaktiviert, damit Kunden beim Bezahlen nicht abgelenkt werden. Die Bestellbestätigungsseite lädt das Widget immer, wenn Bestellungen gemeldet werden."
"On product pages the assistant knows which product the shopper is looking at (""Is this good for dry skin?"").","Auf Produktseiten weiß der Assistent, welches Produkt sich der Kunde ansieht („Ist das gut für trockene Haut?“)."
"On the order success page, so AskMerra can show the sales the assistant helped with. No name, e-mail or address is sent - only the order number, total and products.","Auf der Bestellbestätigungsseite, damit AskMerra die Verkäufe anzeigen kann, zu denen der Assistent beigetragen hat. Name, E-Mail und Adresse werden nicht gesendet - nur Bestellnummer, Gesamtbetrag und Produkte."
"Once a day","Einmal täglich"
"Only changed products are rebuilt; the file itself is rewritten from them in seconds, and only when something changed. Keep it at least as often as AskMerra downloads it (every 1 to 6 hours, depending on the plan).","Nur geänderte Produkte werden neu aufgebaut; die Datei selbst wird daraus in Sekunden neu geschrieben, und nur, wenn sich etwas geändert hat. Stellen Sie mindestens dieselbe Häufigkeit ein, mit der AskMerra sie herunterlädt (alle 1 bis 6 Stunden, je nach Tarif)."
"Only products whose content changed are rebuilt and sent. Changes are picked up within about a minute by Magento cron; every day missing products are added and products that left the catalog are removed.","Nur Produkte, deren Inhalt sich geändert hat, werden neu aufgebaut und gesendet. Der Magento-Cron erfasst Änderungen innerhalb von etwa einer Minute; täglich werden fehlende Produkte hinzugefügt und Produkte entfernt, die den Katalog verlassen haben."
"Only what changed is rebuilt and sent: product, price and stock changes - also those made by imports and ERP integrations - are picked up within about a minute (Magento cron and the <em>AskMerra product sync</em> indexer on <em>Update by Schedule</em>, set on install). Every day the module also adds products that are missing in AskMerra and removes the ones that left the catalog. Large catalogs are fine: 50,000 products are not rebuilt unless they change.","Nur Geändertes wird neu aufgebaut und gesendet: Produkt-, Preis- und Bestandsänderungen - auch solche aus Importen und ERP-Integrationen - werden innerhalb von etwa einer Minute erfasst (Magento-Cron und der Indexer <em>AskMerra-Produktsynchronisierung</em> auf <em>Aktualisierung nach Zeitplan</em>, bei der Installation eingestellt). Täglich fügt das Modul außerdem Produkte hinzu, die in AskMerra fehlen, und entfernt jene, die den Katalog verlassen haben. Große Kataloge sind kein Problem: 50.000 Produkte werden nur neu aufgebaut, wenn sie sich ändern."
"Only when started by hand","Nur bei manuellem Start"
"Open on page load","Beim Laden der Seite öffnen"
"Open the sync status: errors, full rebuild, payload preview","Sync-Status öffnen: Fehler, vollständiger Neuaufbau, Payload-Vorschau"
"Orders are reported only with the shopper's analytics consent. <strong>Automatic</strong>: read from Google Consent Mode / Google Tag Manager. <strong>Magento cookie notice</strong>: when the shopper accepts Magento's cookie notice. <strong>Not needed</strong>: no consent banner is required on this site. <strong>Manual</strong>: your cookie banner calls <code>AskMerra.setConsent({analytics: true})</code>.","Bestellungen werden nur mit der Statistik-Einwilligung des Kunden gemeldet. <strong>Automatisch</strong>: aus Google Consent Mode / Google Tag Manager gelesen. <strong>Cookie-Hinweis von Magento</strong>: wenn der Kunde den Cookie-Hinweis von Magento akzeptiert. <strong>Nicht erforderlich</strong>: Auf dieser Website ist kein Einwilligungsbanner erforderlich. <strong>Manuell</strong>: Ihr Cookie-Banner ruft <code>AskMerra.setConsent({analytics: true})</code> auf."
"Position","Position"
"Preview","Vorschau"
"Preview a product","Produktvorschau"
"Product","Produkt"
"Product %1 as AskMerra receives it:","Produkt %1, wie AskMerra es empfängt:"
"Product %1 is not sent to AskMerra in this store view.","Produkt %1 wird in diesem Store View nicht an AskMerra gesendet."
"Product %1 was processed. Preview it again to see the result.","Produkt %1 wurde verarbeitet. Rufen Sie die Vorschau erneut auf, um das Ergebnis zu sehen."
"Product ID (recommended)","Produkt-ID (empfohlen)"
"Product ID or SKU","Produkt-ID oder SKU"
"Product attributes to include","Einzubeziehende Produktattribute"
"Product feed","Produkt-Feed"
"Product feed - AskMerra downloads a file","Produkt-Feed - AskMerra lädt eine Datei herunter"
"Product identifier","Produktkennung"
"Product types","Produkttypen"
"Product visibility","Produktsichtbarkeit"
"Products in AskMerra","Produkte in AskMerra"
"Products per request","Produkte pro Anfrage"
"Published %1 (%2 KB).","Veröffentlicht am %1 (%2 KB)."
"Push API","Push API"
"Push API - changes within a minute (recommended)","Push API - Änderungen innerhalb einer Minute (empfohlen)"
"Push API, 1 to 500. Lower it if products have very long descriptions.","Push API, 1 bis 500. Verringern Sie den Wert, wenn Produkte sehr lange Beschreibungen haben."
"Queues changed products for AskMerra. Keep it on ""Update by Schedule""; a full reindex rebuilds every product (only changed ones are sent).","Stellt geänderte Produkte für AskMerra in die Warteschlange. Belassen Sie ihn auf „Aktualisierung nach Zeitplan“; eine vollständige Neuindizierung baut jedes Produkt neu auf (gesendet werden nur geänderte)."
"Rebuild every product of this store view? Only products whose content changed are sent.","Alle Produkte dieses Store Views neu aufbauen? Gesendet werden nur Produkte, deren Inhalt sich geändert hat."
"Recommended: the assistant then knows the product and can say it is out of stock - it never recommends it. With No, products leave AskMerra while out of stock.","Empfohlen: Der Assistent kennt das Produkt dann und kann sagen, dass es nicht auf Lager ist - er empfiehlt es nie. Bei „Nein“ verlassen Produkte AskMerra, solange sie nicht auf Lager sind."
"Regenerate the feed","Feed neu erzeugen"
"Remove every product of this store view from AskMerra? The assistant stops recommending them. A feed source must also be deleted in the AskMerra dashboard.","Alle Produkte dieses Store Views aus AskMerra entfernen? Der Assistent empfiehlt sie dann nicht mehr. Eine Feed-Quelle muss zusätzlich im AskMerra-Dashboard gelöscht werden."
"Remove its products from AskMerra","Produkte dieses Store Views aus AskMerra entfernen"
"Report orders to AskMerra","Bestellungen an AskMerra melden"
"Request timeout (seconds)","Anfrage-Timeout (Sekunden)"
"Retry failed products","Fehlgeschlagene Produkte erneut versuchen"
"Romanian","Rumänisch"
"Run the daily check now","Tägliche Prüfung jetzt ausführen"
"SKU","SKU"
"Save the settings to start using this key.","Speichern Sie die Einstellungen, um diesen Schlüssel zu verwenden."
"Search","Suche"
"Secret key","Geheimer Schlüssel"
"Send changes now","Änderungen jetzt senden"
"Send stock quantity","Lagerbestand senden"
"Send this product now","Dieses Produkt jetzt senden"
"Send to AskMerra now","Jetzt an AskMerra senden"
"Sent as plain text (HTML, Page Builder styles and widget codes are removed), up to 20,000 characters.","Wird als reiner Text gesendet (HTML, Stile von Page Builder und Widget-Codes werden entfernt), bis zu 20.000 Zeichen."
"Sent or updated: %1, unchanged: %2, removed: %3, failed: %4.","Gesendet oder aktualisiert: %1, unverändert: %2, entfernt: %3, fehlgeschlagen: %4."
"Server time. Adds missing products, removes products that left the catalog, picks up special prices that start or end today.","Serverzeit. Fügt fehlende Produkte hinzu, entfernt Produkte, die den Katalog verlassen haben, und erfasst Sonderpreise, die heute beginnen oder enden."
"Settings","Einstellungen"
"Settings of this store view","Einstellungen dieses Store Views"
"Short description","Kurzbeschreibung"
"Short description, then description","Kurzbeschreibung, dann Beschreibung"
"Show on the checkout page","Auf der Checkout-Seite anzeigen"
"Show the chat widget","Chat-Widget anzeigen"
"Simple products go straight into the Magento cart and the mini cart refreshes; products with options (sizes, colours...) open their page. Also turn on ""Show add to cart"" in the AskMerra widget designer.","Einfache Produkte landen direkt im Magento-Warenkorb und der Mini-Warenkorb wird aktualisiert; Produkte mit Optionen (Größen, Farben...) öffnen ihre Seite. Aktivieren Sie außerdem „‚In den Warenkorb‘-Button anzeigen“ im AskMerra-Widget-Designer."
"Site key","Website-Schlüssel"
"Site key set. In the AskMerra dashboard, allow the domain %1 for the widget (Install, Allowed domains), or the chat stays hidden.","Website-Schlüssel gesetzt. Lassen Sie im AskMerra-Dashboard die Domain %1 für das Widget zu (Installation, Zugelassene Domains), sonst bleibt der Chat ausgeblendet."
"Spanish","Spanisch"
"Starts with <code>pk_live_</code>. The public key of the chat widget. Add this store's domain to the allowed domains of your AskMerra shop.","Beginnt mit <code>pk_live_</code>. Der öffentliche Schlüssel des Chat-Widgets. Fügen Sie die Domain dieses Shops zu den zugelassenen Domains Ihres AskMerra-Shops hinzu."
"Starts with <code>sk_live_</code>. Used only by the server to send your catalog; it is stored encrypted and never reaches the storefront.","Beginnt mit <code>sk_live_</code>. Wird nur vom Server verwendet, um Ihren Katalog zu senden; er wird verschlüsselt gespeichert und gelangt nie ins Frontend."
"Stay on the page (mini cart refreshes)","Auf der Seite bleiben (Mini-Warenkorb wird aktualisiert)"
"Store view ""%1"" has a language AskMerra does not serve: choose one under AskMerra > Connection > Language.","Store View „%1“ hat eine Sprache, die AskMerra nicht unterstützt: Wählen Sie eine unter AskMerra > Verbindung > Sprache."
"Store views %1 send the same language to the same AskMerra shop: each overwrites the other. Give them different languages or different AskMerra shops.","Die Store Views %1 senden dieselbe Sprache an denselben AskMerra-Shop: Jeder überschreibt den anderen. Weisen Sie ihnen unterschiedliche Sprachen oder unterschiedliche AskMerra-Shops zu."
"Storefront widget","Frontend-Widget"
"Sync","Synchronisierung"
"Sync status","Sync-Status"
"Sync status and actions","Sync-Status und Aktionen"
"The ""AskMerra product sync"" indexer is missing: run bin/magento setup:upgrade.","Der Indexer „AskMerra-Produktsynchronisierung“ fehlt: Führen Sie bin/magento setup:upgrade aus."
"The ""AskMerra product sync"" indexer is on ""Update on Save"": changes made by imports or ERP integrations are missed. Set it to ""Update by Schedule"" (System > Index Management).","Der Indexer „AskMerra-Produktsynchronisierung“ steht auf „Nach dem Speichern aktualisieren“: Änderungen durch Importe oder ERP-Integrationen werden nicht erfasst. Stellen Sie ihn auf „Aktualisierung nach Zeitplan“ um (System > Indexverwaltung)."
"The <code>src</code> of the snippet in the AskMerra dashboard (Install); the snippet's other value is the site key above. The script is added to the <code>&lt;head&gt;</code> of every page - Luma, Hyvä and ScandiPWA alike.","Der <code>src</code>-Wert des Snippets im AskMerra-Dashboard (Installation); der andere Wert des Snippets ist der Website-Schlüssel oben. Das Skript wird in den <code>&lt;head&gt;</code> jeder Seite eingefügt - in Luma, Hyvä und ScandiPWA gleichermaßen."
"The AI shopping assistant will not know or recommend this product.","Der KI-Shopping-Assistent wird dieses Produkt weder kennen noch empfehlen."
"The API URL must start with https://.","Die API-URL muss mit https:// beginnen."
"The action failed: %1","Die Aktion ist fehlgeschlagen: %1"
"The catalog is being prepared (%1 products to go); the feed is published once all of it is ready.","Der Katalog wird vorbereitet (noch %1 Produkte); der Feed wird veröffentlicht, sobald er vollständig bereit ist."
"The check could not run. Reload the page and try again.","Die Prüfung konnte nicht ausgeführt werden. Laden Sie die Seite neu und versuchen Sie es erneut."
"The details the assistant can use to answer and filter: e.g. skin type, ingredients, colour, size, material. Sent with their store view labels. Select several with Ctrl/Cmd. Avoid stock, prices and dates - they are sent separately.","Die Angaben, die der Assistent zum Antworten und Filtern nutzen kann: z. B. Hauttyp, Inhaltsstoffe, Farbe, Größe, Material. Gesendet werden sie mit ihren Bezeichnungen im Store View. Wählen Sie mehrere mit Strg/Cmd aus. Vermeiden Sie Bestand, Preise und Datumsangaben - diese werden separat gesendet."
"The feed URLs hold a secret part so only AskMerra can find them. If a URL was shared by mistake, give every feed a new one - then update the feed sources in the AskMerra dashboard.","Die Feed-URLs enthalten einen geheimen Teil, damit nur AskMerra sie finden kann. Wurde eine URL versehentlich weitergegeben, erzeugen Sie für jeden Feed eine neue - und aktualisieren Sie dann die Feed-Quellen im AskMerra-Dashboard."
"The feed was written: %1 products.","Der Feed wurde erzeugt: %1 Produkte."
"The feeds have new URLs. Update the feed sources in the AskMerra dashboard.","Die Feeds haben neue URLs. Aktualisieren Sie die Feed-Quellen im AskMerra-Dashboard."
"The language this store view's products are sent in and the assistant answers in. Automatic uses the store view's locale (Stores > Configuration > General > Locale Options) when AskMerra supports it.","Die Sprache, in der die Produkte dieses Store Views gesendet werden und in der der Assistent antwortet. Automatisch verwendet das Gebietsschema des Store Views (Shops > Konfiguration > Allgemein > Gebietsschema-Optionen), sofern AskMerra es unterstützt."
"The main image comes first; the chat shows it on the product card.","Das Hauptbild kommt zuerst; der Chat zeigt es auf der Produktkarte."
"The product could not be added to your cart. Please try again.","Das Produkt konnte nicht in Ihren Warenkorb gelegt werden. Bitte versuchen Sie es erneut."
"The secret key field holds the site key (pk_...). The secret key starts with sk_live_.","Das Feld für den geheimen Schlüssel enthält den Website-Schlüssel (pk_...). Der geheime Schlüssel beginnt mit sk_live_."
"The site key field holds the secret key - remove it from there at once: the site key is public. The site key starts with pk_live_.","Das Feld für den Website-Schlüssel enthält den geheimen Schlüssel - entfernen Sie ihn sofort von dort: Der Website-Schlüssel ist öffentlich. Der Website-Schlüssel beginnt mit pk_live_."
"The site key usually starts with pk_live_. Check that it was copied whole.","Der Website-Schlüssel beginnt normalerweise mit pk_live_. Prüfen Sie, ob er vollständig kopiert wurde."
"This product is no longer available.","Dieses Produkt ist nicht mehr verfügbar."
"This store view does not send its catalog as a feed.","Dieser Store View sendet seinen Katalog nicht als Feed."
"This store view no longer syncs, but AskMerra still has %1 of its products.","Dieser Store View wird nicht mehr synchronisiert, aber AskMerra hat noch %1 seiner Produkte."
"Turn AskMerra off for this store view first: otherwise its products are sent again at the next daily check.","Deaktivieren Sie AskMerra zuerst für diesen Store View: Andernfalls werden seine Produkte bei der nächsten täglichen Prüfung erneut gesendet."
"Unknown action.","Unbekannte Aktion."
"Used by the store views whose catalog is sent as a feed. Each store view has its own feed URL.","Wird von den Store Views verwendet, deren Katalog als Feed gesendet wird. Jeder Store View hat seine eigene Feed-URL."
"View cart","Warenkorb anzeigen"
"Waiting to be sent","Noch zu senden"
"What AskMerra learns about your products. Saving changes here sends the whole catalog again. <strong>Note:</strong> AskMerra re-reads a product with AI (billed as usage) when its name, description, categories, brand or attributes change - pick attributes that describe the product, not ones that change every day.","Was AskMerra über Ihre Produkte erfährt. Wenn Sie hier Änderungen speichern, wird der gesamte Katalog erneut gesendet. <strong>Hinweis:</strong> AskMerra liest ein Produkt erneut mit KI ein (als Nutzung abgerechnet), wenn sich Name, Beschreibung, Kategorien, Marke oder Attribute ändern - wählen Sie Attribute, die das Produkt beschreiben, nicht solche, die sich täglich ändern."
"Widget script URL","URL des Widget-Skripts"
"Write the feed now","Feed jetzt erzeugen"
"Writes every request and response to var/log/askmerra.log. Errors are always logged.","Schreibt jede Anfrage und Antwort in var/log/askmerra.log. Fehler werden immer protokolliert."
"Your session has expired. Please refresh the page.","Ihre Sitzung ist abgelaufen. Bitte laden Sie die Seite neu."
"never","nie"
"none: retry, or change the product","keiner: erneut versuchen oder das Produkt ändern"
"products changed since; rewritten at the next scheduled run","seitdem geänderte Produkte; wird bei der nächsten geplanten Ausführung neu geschrieben"
"shop default","Shop-Standard"
