"""Hide from AskMerra"" is set on the product.","""Hide from AskMerra"" is set on the product."
"%1 failed products are tried again.","%1 failed products are tried again."
"%1 products are still waiting; cron continues with them.","%1 products are still waiting; cron continues with them."
"%1 products queued for the rebuild. Cron sends those whose content changed within the next minutes.","%1 products queued for the rebuild. Cron sends those whose content changed within the next minutes."
"%1 products sent, %2 waiting, %3 failed.","%1 products sent, %2 waiting, %3 failed."
"%1 products were queued for AskMerra; they are sent within a minute (only those whose content changed).","%1 products were queued for AskMerra; they are sent within a minute (only those whose content changed)."
"%1 products were removed from AskMerra.","%1 products were removed from AskMerra."
"%1 was added to your cart.","%1 was added to your cart."
"%1, %2 KB, %3","%1, %2 KB, %3"
"-- No brand --","-- No brand --"
"<strong>JSON</strong> carries every selected attribute. <strong>Google Shopping XML</strong> can also be used for Google Merchant Center, but only keeps standard attributes (colour, size, material, gender, GTIN, EAN, skin type, ingredients, volume, weight...).","<strong>JSON</strong> carries every selected attribute. <strong>Google Shopping XML</strong> can also be used for Google Merchant Center, but only keeps standard attributes (colour, size, material, gender, GTIN, EAN, skin type, ingredients, volume, weight...)."
"<strong>Push API</strong> sends changes within about a minute and removes deleted products. <strong>Feed</strong> publishes a file that AskMerra downloads every 1 to 6 hours (depending on your plan) - add its URL in the AskMerra dashboard, under Catalog > Add source > Feed URL.","<strong>Push API</strong> sends changes within about a minute and removes deleted products. <strong>Feed</strong> publishes a file that AskMerra downloads every 1 to 6 hours (depending on your plan) - add its URL in the AskMerra dashboard, under Catalog > Add source > Feed URL."
"A safety net: every product is rebuilt and compared - still only changed ones are sent. Runs at the maintenance time, spread over the following minutes.","A safety net: every product is rebuilt and compared - still only changed ones are sent. Runs at the maintenance time, spread over the following minutes."
"AI Shopping Assistant","AI Shopping Assistant"
"API URL","API URL"
"Add to cart from the chat","Add to cart from the chat"
"Advanced","Advanced"
"After adding to cart","After adding to cart"
"Analytics consent","Analytics consent"
"As set in the AskMerra designer","As set in the AskMerra designer"
"AskMerra","AskMerra"
"AskMerra could not be reached: %1","AskMerra could not be reached: %1"
"AskMerra does not accept the catalog of %1: the secret key was refused or the AskMerra shop is suspended. Changes are kept and sent once fixed. <a href=""%2"">See the sync status</a>.","AskMerra does not accept the catalog of %1: the secret key was refused or the AskMerra shop is suspended. Changes are kept and sent once fixed. <a href=""%2"">See the sync status</a>."
"AskMerra does not sync any store view yet. Check its settings.","AskMerra does not sync any store view yet. Check its settings."
"AskMerra does not sync this store view. Check its settings.","AskMerra does not sync this store view. Check its settings."
"AskMerra has an older version; the change is sent by the queue.","AskMerra has an older version; the change is sent by the queue."
"AskMerra has this version.","AskMerra has this version."
"AskMerra product sync","AskMerra product sync"
"AskMerra refused the secret key (%1). Check that it is copied whole, not revoked, and that the AskMerra shop is active.","AskMerra refused the secret key (%1). Check that it is copied whole, not revoked, and that the AskMerra shop is active."
"AskMerra refuses this store view's key since %1: %2","AskMerra refuses this store view's key since %1: %2"
"AskMerra sync status","AskMerra sync status"
"AskMerra: %1","AskMerra: %1"
"AskMerra: the catalog of %1 store view(s) is being rebuilt; only products whose content changed are sent. Follow it under Marketing > AskMerra > Sync status.","AskMerra: the catalog of %1 store view(s) is being rebuilt; only products whose content changed are sent. Follow it under Marketing > AskMerra > Sync status."
"Attempts","Attempts"
"Automatic (Google Consent Mode / Tag Manager)","Automatic (Google Consent Mode / Tag Manager)"
"Automatic (from the store view locale)","Automatic (from the store view locale)"
"Being prepared: %1 products to go. The URL works once the whole catalog is ready.","Being prepared: %1 products to go. The URL works once the whole catalog is ready."
"Being prepared: it is published once the whole catalog is ready (%1 products to go).","Being prepared: it is published once the whole catalog is ready (%1 products to go)."
"Bottom left","Bottom left"
"Bottom right","Bottom right"
"Brand attribute","Brand attribute"
"Catalog","Catalog"
"Catalog, Search","Catalog, Search"
"Category IDs, separated by commas; their subcategories are excluded too. To leave out single products, set <strong>Hide from AskMerra</strong> on the product (AskMerra tab).","Category IDs, separated by commas; their subcategories are excluded too. To leave out single products, set <strong>Hide from AskMerra</strong> on the product (AskMerra tab)."
"Change only for an AskMerra test environment.","Change only for an AskMerra test environment."
"Check connection","Check connection"
"Checking...","Checking..."
"Checks the keys as typed, before saving.","Checks the keys as typed, before saving."
"Connected to the AskMerra shop ""%1"".","Connected to the AskMerra shop ""%1""."
"Connection","Connection"
"Create the keys in your AskMerra dashboard, under <strong>API keys</strong>. One AskMerra shop has one currency: a store view in another currency (or another brand) connects to its own AskMerra shop - switch the scope to that store view and enter its keys there.","Create the keys in your AskMerra dashboard, under <strong>API keys</strong>. One AskMerra shop has one currency: a store view in another currency (or another brand) connects to its own AskMerra shop - switch the scope to that store view and enter its keys there."
"Cron is sending the queue right now. Check again in a minute.","Cron is sending the queue right now. Check again in a minute."
"Daily check","Daily check"
"Daily check done: %1 missing products and %2 products that left the catalog were queued, %3 with special prices starting or ending today.","Daily check done: %1 missing products and %2 products that left the catalog were queued, %3 with special prices starting or ending today."
"Daily maintenance at","Daily maintenance at"
"Debug log","Debug log"
"Description","Description"
"Desktop only.","Desktop only."
"Enable AskMerra","Enable AskMerra"
"English","English"
"Enter the secret key (sk_live_...) from your AskMerra dashboard, API keys.","Enter the secret key (sk_live_...) from your AskMerra dashboard, API keys."
"Error","Error"
"Every 12 hours","Every 12 hours"
"Every 3 hours","Every 3 hours"
"Every 6 hours","Every 6 hours"
"Every 8 hours","Every 8 hours"
"Every day","Every day"
"Every feed gets a new URL and the old ones stop working. Update the feed sources in AskMerra afterwards. Continue?","Every feed gets a new URL and the old ones stop working. Update the feed sources in AskMerra afterwards. Continue?"
"Every hour","Every hour"
"Every month, on the 1st","Every month, on the 1st"
"Every week, on Sunday (recommended)","Every week, on Sunday (recommended)"
"Exclude categories","Exclude categories"
"Failed","Failed"
"Feed URL","Feed URL"
"Feed URL for AskMerra (Catalog, Add source, Feed URL): %1","Feed URL for AskMerra (Catalog, Add source, Feed URL): %1"
"Feed URLs","Feed URLs"
"Feed file","Feed file"
"For configurable products: the sizes, colours... a shopper can choose are sent as attributes of the product. The product itself is sent once, not once per variant.","For configurable products: the sizes, colours... a shopper can choose are sent as attributes of the product. The product itself is sent once, not once per variant."
"Format","Format"
"French","French"
"Full rebuild","Full rebuild"
"Generate now or change the secret part on the Sync status page.","Generate now or change the secret part on the Sync status page."
"German","German"
"Give the feeds new URLs","Give the feeds new URLs"
"Go to the cart page","Go to the cart page"
"Google Shopping XML","Google Shopping XML"
"Hide from AskMerra","Hide from AskMerra"
"Hide until it happens again","Hide until it happens again"
"How AskMerra gets the catalog","How AskMerra gets the catalog"
"How products are matched between Magento and AskMerra. Product ID never changes; choose SKU only if your other AskMerra data already uses SKUs. Changing it later replaces the whole catalog in AskMerra.","How products are matched between Magento and AskMerra. Product ID never changes; choose SKU only if your other AskMerra data already uses SKUs. Changing it later replaces the whole catalog in AskMerra."
"Images per product","Images per product"
"In the AskMerra dashboard: Catalog, Add source, Feed URL. The URL holds a secret part - share it only with AskMerra.","In the AskMerra dashboard: Catalog, Add source, Feed URL. The URL holds a secret part - share it only with AskMerra."
"Include out-of-stock products","Include out-of-stock products"
"Include variant options","Include variant options"
"It has no name in this store view.","It has no name in this store view."
"It is in an excluded category.","It is in an excluded category."
"It is out of stock, and out-of-stock products are not sent.","It is out of stock, and out-of-stock products are not sent."
"It is still in AskMerra and is removed by the queue.","It is still in AskMerra and is removed by the queue."
"Italian","Italian"
"JSON - all attributes (recommended)","JSON - all attributes (recommended)"
"Know the product being viewed","Know the product being viewed"
"Language","Language"
"Language / currency","Language / currency"
"Last product sent","Last product sent"
"Latest errors","Latest errors"
"Look, greeting, colours and where the chat shows are set in the AskMerra widget designer. Headless storefronts (PWA Studio, ScandiPWA...) read these settings with the GraphQL query <code>askMerraWidgetConfig</code> - see the module README.","Look, greeting, colours and where the chat shows are set in the AskMerra widget designer. Headless storefronts (PWA Studio, ScandiPWA...) read these settings with the GraphQL query <code>askMerraWidgetConfig</code> - see the module README."
"Magento cookie notice","Magento cookie notice"
"Magento cron has not processed the AskMerra queue in the last 15 minutes. Without cron nothing is sent: check that bin/magento cron:run runs every minute.","Magento cron has not processed the AskMerra queue in the last 15 minutes. Without cron nothing is sent: check that bin/magento cron:run runs every minute."
"Manual (set by my cookie banner)","Manual (set by my cookie banner)"
"Next attempt","Next attempt"
"No product with the ID or SKU ""%1"".","No product with the ID or SKU ""%1""."
"No secret key: not needed with a product feed - AskMerra downloads the feed URL shown under Product feed.","No secret key: not needed with a product feed - AskMerra downloads the feed URL shown under Product feed."
"No site key: the chat widget will not show on the storefront.","No site key: the chat widget will not show on the storefront."
"No store view in this scope sends its catalog as a feed. Set ""How AskMerra gets the catalog"" to ""Product feed"" and save.","No store view in this scope sends its catalog as a feed. Set ""How AskMerra gets the catalog"" to ""Product feed"" and save."
"Not in AskMerra yet.","Not in AskMerra yet."
"Not needed on this site","Not needed on this site"
"Not offered in this store view: deleted, disabled, not visible, not in its website or of a product type that is not sent.","Not offered in this store view: deleted, disabled, not visible, not in its website or of a product type that is not sent."
"Not syncing: no secret key","Not syncing: no secret key"
"Not written yet.","Not written yet."
"Not written yet: it is written at the next scheduled run.","Not written yet: it is written at the next scheduled run."
"Off","Off"
"Off by default so shoppers are not distracted while paying. The order success page always loads the widget when orders are reported.","Off by default so shoppers are not distracted while paying. The order success page always loads the widget when orders are reported."
"On product pages the assistant knows which product the shopper is looking at (""Is this good for dry skin?"").","On product pages the assistant knows which product the shopper is looking at (""Is this good for dry skin?"")."
"On the order success page, so AskMerra can show the sales the assistant helped with. No name, e-mail or address is sent - only the order number, total and products.","On the order success page, so AskMerra can show the sales the assistant helped with. No name, e-mail or address is sent - only the order number, total and products."
"Once a day","Once a day"
"Only changed products are rebuilt; the file itself is rewritten from them in seconds, and only when something changed. Keep it at least as often as AskMerra downloads it (every 1 to 6 hours, depending on the plan).","Only changed products are rebuilt; the file itself is rewritten from them in seconds, and only when something changed. Keep it at least as often as AskMerra downloads it (every 1 to 6 hours, depending on the plan)."
"Only products whose content changed are rebuilt and sent. Changes are picked up within about a minute by Magento cron; every day missing products are added and products that left the catalog are removed.","Only products whose content changed are rebuilt and sent. Changes are picked up within about a minute by Magento cron; every day missing products are added and products that left the catalog are removed."
"Only what changed is rebuilt and sent: product, price and stock changes - also those made by imports and ERP integrations - are picked up within about a minute (Magento cron and the <em>AskMerra product sync</em> indexer on <em>Update by Schedule</em>, set on install). Every day the module also adds products that are missing in AskMerra and removes the ones that left the catalog. Large catalogs are fine: 50,000 products are not rebuilt unless they change.","Only what changed is rebuilt and sent: product, price and stock changes - also those made by imports and ERP integrations - are picked up within about a minute (Magento cron and the <em>AskMerra product sync</em> indexer on <em>Update by Schedule</em>, set on install). Every day the module also adds products that are missing in AskMerra and removes the ones that left the catalog. Large catalogs are fine: 50,000 products are not rebuilt unless they change."
"Only when started by hand","Only when started by hand"
"Open on page load","Open on page load"
"Open the sync status: errors, full rebuild, payload preview","Open the sync status: errors, full rebuild, payload preview"
"Orders are reported only with the shopper's analytics consent. <strong>Automatic</strong>: read from Google Consent Mode / Google Tag Manager. <strong>Magento cookie notice</strong>: when the shopper accepts Magento's cookie notice. <strong>Not needed</strong>: no consent banner is required on this site. <strong>Manual</strong>: your cookie banner calls <code>AskMerra.setConsent({analytics: true})</code>.","Orders are reported only with the shopper's analytics consent. <strong>Automatic</strong>: read from Google Consent Mode / Google Tag Manager. <strong>Magento cookie notice</strong>: when the shopper accepts Magento's cookie notice. <strong>Not needed</strong>: no consent banner is required on this site. <strong>Manual</strong>: your cookie banner calls <code>AskMerra.setConsent({analytics: true})</code>."
"Position","Position"
"Preview","Preview"
"Preview a product","Preview a product"
"Product","Product"
"Product %1 as AskMerra receives it:","Product %1 as AskMerra receives it:"
"Product %1 is not sent to AskMerra in this store view.","Product %1 is not sent to AskMerra in this store view."
"Product %1 was processed. Preview it again to see the result.","Product %1 was processed. Preview it again to see the result."
"Product ID (recommended)","Product ID (recommended)"
"Product ID or SKU","Product ID or SKU"
"Product attributes to include","Product attributes to include"
"Product feed","Product feed"
"Product feed - AskMerra downloads a file","Product feed - AskMerra downloads a file"
"Product identifier","Product identifier"
"Product types","Product types"
"Product visibility","Product visibility"
"Products in AskMerra","Products in AskMerra"
"Products per request","Products per request"
"Published %1 (%2 KB).","Published %1 (%2 KB)."
"Push API","Push API"
"Push API - changes within a minute (recommended)","Push API - changes within a minute (recommended)"
"Push API, 1 to 500. Lower it if products have very long descriptions.","Push API, 1 to 500. Lower it if products have very long descriptions."
"Queues changed products for AskMerra. Keep it on ""Update by Schedule""; a full reindex rebuilds every product (only changed ones are sent).","Queues changed products for AskMerra. Keep it on ""Update by Schedule""; a full reindex rebuilds every product (only changed ones are sent)."
"Rebuild every product of this store view? Only products whose content changed are sent.","Rebuild every product of this store view? Only products whose content changed are sent."
"Recommended: the assistant then knows the product and can say it is out of stock - it never recommends it. With No, products leave AskMerra while out of stock.","Recommended: the assistant then knows the product and can say it is out of stock - it never recommends it. With No, products leave AskMerra while out of stock."
"Regenerate the feed","Regenerate the feed"
"Remove every product of this store view from AskMerra? The assistant stops recommending them. A feed source must also be deleted in the AskMerra dashboard.","Remove every product of this store view from AskMerra? The assistant stops recommending them. A feed source must also be deleted in the AskMerra dashboard."
"Remove its products from AskMerra","Remove its products from AskMerra"
"Report orders to AskMerra","Report orders to AskMerra"
"Request timeout (seconds)","Request timeout (seconds)"
"Retry failed products","Retry failed products"
"Romanian","Romanian"
"Run the daily check now","Run the daily check now"
"SKU","SKU"
"Save the settings to start using this key.","Save the settings to start using this key."
"Search","Search"
"Secret key","Secret key"
"Send changes now","Send changes now"
"Send stock quantity","Send stock quantity"
"Send this product now","Send this product now"
"Send to AskMerra now","Send to AskMerra now"
"Sent as plain text (HTML, Page Builder styles and widget codes are removed), up to 20,000 characters.","Sent as plain text (HTML, Page Builder styles and widget codes are removed), up to 20,000 characters."
"Sent or updated: %1, unchanged: %2, removed: %3, failed: %4.","Sent or updated: %1, unchanged: %2, removed: %3, failed: %4."
"Server time. Adds missing products, removes products that left the catalog, picks up special prices that start or end today.","Server time. Adds missing products, removes products that left the catalog, picks up special prices that start or end today."
"Settings","Settings"
"Settings of this store view","Settings of this store view"
"Short description","Short description"
"Short description, then description","Short description, then description"
"Show on the checkout page","Show on the checkout page"
"Show the chat widget","Show the chat widget"
"Simple products go straight into the Magento cart and the mini cart refreshes; products with options (sizes, colours...) open their page. Also turn on ""Show add to cart"" in the AskMerra widget designer.","Simple products go straight into the Magento cart and the mini cart refreshes; products with options (sizes, colours...) open their page. Also turn on ""Show add to cart"" in the AskMerra widget designer."
"Site key","Site key"
"Site key set. In the AskMerra dashboard, allow the domain %1 for the widget (Install, Allowed domains), or the chat stays hidden.","Site key set. In the AskMerra dashboard, allow the domain %1 for the widget (Install, Allowed domains), or the chat stays hidden."
"Spanish","Spanish"
"Starts with <code>pk_live_</code>. The public key of the chat widget. Add this store's domain to the allowed domains of your AskMerra shop.","Starts with <code>pk_live_</code>. The public key of the chat widget. Add this store's domain to the allowed domains of your AskMerra shop."
"Starts with <code>sk_live_</code>. Used only by the server to send your catalog; it is stored encrypted and never reaches the storefront.","Starts with <code>sk_live_</code>. Used only by the server to send your catalog; it is stored encrypted and never reaches the storefront."
"Stay on the page (mini cart refreshes)","Stay on the page (mini cart refreshes)"
"Store view ""%1"" has a language AskMerra does not serve: choose one under AskMerra > Connection > Language.","Store view ""%1"" has a language AskMerra does not serve: choose one under AskMerra > Connection > Language."
"Store views %1 send the same language to the same AskMerra shop: each overwrites the other. Give them different languages or different AskMerra shops.","Store views %1 send the same language to the same AskMerra shop: each overwrites the other. Give them different languages or different AskMerra shops."
"Storefront widget","Storefront widget"
"Sync","Sync"
"Sync status","Sync status"
"Sync status and actions","Sync status and actions"
"The ""AskMerra product sync"" indexer is missing: run bin/magento setup:upgrade.","The ""AskMerra product sync"" indexer is missing: run bin/magento setup:upgrade."
"The ""AskMerra product sync"" indexer is on ""Update on Save"": changes made by imports or ERP integrations are missed. Set it to ""Update by Schedule"" (System > Index Management).","The ""AskMerra product sync"" indexer is on ""Update on Save"": changes made by imports or ERP integrations are missed. Set it to ""Update by Schedule"" (System > Index Management)."
"The <code>src</code> of the snippet in the AskMerra dashboard (Install); the snippet's other value is the site key above. The script is added to the <code>&lt;head&gt;</code> of every page - Luma, Hyvä and ScandiPWA alike.","The <code>src</code> of the snippet in the AskMerra dashboard (Install); the snippet's other value is the site key above. The script is added to the <code>&lt;head&gt;</code> of every page - Luma, Hyvä and ScandiPWA alike."
"The AI shopping assistant will not know or recommend this product.","The AI shopping assistant will not know or recommend this product."
"The API URL must start with https://.","The API URL must start with https://."
"The action failed: %1","The action failed: %1"
"The catalog is being prepared (%1 products to go); the feed is published once all of it is ready.","The catalog is being prepared (%1 products to go); the feed is published once all of it is ready."
"The check could not run. Reload the page and try again.","The check could not run. Reload the page and try again."
"The details the assistant can use to answer and filter: e.g. skin type, ingredients, colour, size, material. Sent with their store view labels. Select several with Ctrl/Cmd. Avoid stock, prices and dates - they are sent separately.","The details the assistant can use to answer and filter: e.g. skin type, ingredients, colour, size, material. Sent with their store view labels. Select several with Ctrl/Cmd. Avoid stock, prices and dates - they are sent separately."
"The feed URLs hold a secret part so only AskMerra can find them. If a URL was shared by mistake, give every feed a new one - then update the feed sources in the AskMerra dashboard.","The feed URLs hold a secret part so only AskMerra can find them. If a URL was shared by mistake, give every feed a new one - then update the feed sources in the AskMerra dashboard."
"The feed was written: %1 products.","The feed was written: %1 products."
"The feeds have new URLs. Update the feed sources in the AskMerra dashboard.","The feeds have new URLs. Update the feed sources in the AskMerra dashboard."
"The language this store view's products are sent in and the assistant answers in. Automatic uses the store view's locale (Stores > Configuration > General > Locale Options) when AskMerra supports it.","The language this store view's products are sent in and the assistant answers in. Automatic uses the store view's locale (Stores > Configuration > General > Locale Options) when AskMerra supports it."
"The main image comes first; the chat shows it on the product card.","The main image comes first; the chat shows it on the product card."
"The product could not be added to your cart. Please try again.","The product could not be added to your cart. Please try again."
"The secret key field holds the site key (pk_...). The secret key starts with sk_live_.","The secret key field holds the site key (pk_...). The secret key starts with sk_live_."
"The site key field holds the secret key - remove it from there at once: the site key is public. The site key starts with pk_live_.","The site key field holds the secret key - remove it from there at once: the site key is public. The site key starts with pk_live_."
"The site key usually starts with pk_live_. Check that it was copied whole.","The site key usually starts with pk_live_. Check that it was copied whole."
"This product is no longer available.","This product is no longer available."
"This store view does not send its catalog as a feed.","This store view does not send its catalog as a feed."
"This store view no longer syncs, but AskMerra still has %1 of its products.","This store view no longer syncs, but AskMerra still has %1 of its products."
"Turn AskMerra off for this store view first: otherwise its products are sent again at the next daily check.","Turn AskMerra off for this store view first: otherwise its products are sent again at the next daily check."
"Unknown action.","Unknown action."
"Used by the store views whose catalog is sent as a feed. Each store view has its own feed URL.","Used by the store views whose catalog is sent as a feed. Each store view has its own feed URL."
"View cart","View cart"
"Waiting to be sent","Waiting to be sent"
"What AskMerra learns about your products. Saving changes here sends the whole catalog again. <strong>Note:</strong> AskMerra re-reads a product with AI (billed as usage) when its name, description, categories, brand or attributes change - pick attributes that describe the product, not ones that change every day.","What AskMerra learns about your products. Saving changes here sends the whole catalog again. <strong>Note:</strong> AskMerra re-reads a product with AI (billed as usage) when its name, description, categories, brand or attributes change - pick attributes that describe the product, not ones that change every day."
"Widget script URL","Widget script URL"
"Write the feed now","Write the feed now"
"Writes every request and response to var/log/askmerra.log. Errors are always logged.","Writes every request and response to var/log/askmerra.log. Errors are always logged."
"Your session has expired. Please refresh the page.","Your session has expired. Please refresh the page."
"never","never"
"none: retry, or change the product","none: retry, or change the product"
"products changed since; rewritten at the next scheduled run","products changed since; rewritten at the next scheduled run"
"shop default","shop default"
