"""Hide from AskMerra"" is set on the product.","El producto tiene activado «Ocultar en AskMerra»."
"%1 failed products are tried again.","Nuevo intento para %1 productos con error."
"%1 products are still waiting; cron continues with them.","%1 productos siguen en espera; el cron continúa con ellos."
"%1 products queued for the rebuild. Cron sends those whose content changed within the next minutes.","%1 productos puestos en cola para la reconstrucción. En los próximos minutos, el cron envía aquellos cuyo contenido ha cambiado."
"%1 products sent, %2 waiting, %3 failed.","%1 productos enviados, %2 en espera, %3 con error."
"%1 products were queued for AskMerra; they are sent within a minute (only those whose content changed).","Se han puesto en cola %1 productos para AskMerra; se envían en menos de un minuto (solo aquellos cuyo contenido ha cambiado)."
"%1 products were removed from AskMerra.","Se han eliminado %1 productos de AskMerra."
"%1 was added to your cart.","%1 se ha añadido a su carrito."
"%1, %2 KB, %3","%1, %2 KB, %3"
"-- No brand --","-- Sin marca --"
"<strong>JSON</strong> carries every selected attribute. <strong>Google Shopping XML</strong> can also be used for Google Merchant Center, but only keeps standard attributes (colour, size, material, gender, GTIN, EAN, skin type, ingredients, volume, weight...).","<strong>JSON</strong> incluye todos los atributos seleccionados. <strong>Google Shopping XML</strong> también se puede usar para Google Merchant Center, pero solo conserva los atributos estándar (color, talla, material, sexo, GTIN, EAN, tipo de piel, ingredientes, volumen, peso...)."
"<strong>Push API</strong> sends changes within about a minute and removes deleted products. <strong>Feed</strong> publishes a file that AskMerra downloads every 1 to 6 hours (depending on your plan) - add its URL in the AskMerra dashboard, under Catalog > Add source > Feed URL.","<strong>Push API</strong> envía los cambios en aproximadamente un minuto y quita los productos eliminados. <strong>Feed</strong> publica un archivo que AskMerra descarga cada 1 a 6 horas (según su plan) - añada su URL en el panel de AskMerra, en Catálogo > Añadir fuente > URL del feed."
"A safety net: every product is rebuilt and compared - still only changed ones are sent. Runs at the maintenance time, spread over the following minutes.","Una red de seguridad: cada producto se reconstruye y se compara - aun así, solo se envían los modificados. Se ejecuta a la hora del mantenimiento y se reparte en los minutos siguientes."
"AI Shopping Assistant","Asistente de compras con IA"
"API URL","URL de la API"
"Add to cart from the chat","Añadir al carrito desde el chat"
"Advanced","Avanzado"
"After adding to cart","Después de añadir al carrito"
"Analytics consent","Consentimiento de analítica"
"As set in the AskMerra designer","Según lo definido en el diseñador de AskMerra"
"AskMerra","AskMerra"
"AskMerra could not be reached: %1","No se ha podido conectar con AskMerra: %1"
"AskMerra does not accept the catalog of %1: the secret key was refused or the AskMerra shop is suspended. Changes are kept and sent once fixed. <a href=""%2"">See the sync status</a>.","AskMerra no acepta el catálogo de %1: se ha rechazado la clave secreta o la tienda de AskMerra está suspendida. Los cambios se conservan y se envían en cuanto se solucione el problema. <a href=""%2"">Ver el estado de la sincronización</a>."
"AskMerra does not sync any store view yet. Check its settings.","AskMerra aún no sincroniza ninguna vista de tienda. Revise su configuración."
"AskMerra does not sync this store view. Check its settings.","AskMerra no sincroniza esta vista de tienda. Revise su configuración."
"AskMerra has an older version; the change is sent by the queue.","AskMerra tiene una versión anterior; el cambio se envía mediante la cola."
"AskMerra has this version.","AskMerra tiene esta versión."
"AskMerra product sync","Sincronización de productos de AskMerra"
"AskMerra refused the secret key (%1). Check that it is copied whole, not revoked, and that the AskMerra shop is active.","AskMerra ha rechazado la clave secreta (%1). Compruebe que se ha copiado completa, que no se ha revocado y que la tienda de AskMerra está activa."
"AskMerra refuses this store view's key since %1: %2","AskMerra rechaza la clave de esta vista de tienda desde el %1: %2"
"AskMerra rejected the product: %1","AskMerra ha rechazado el producto: %1"
"AskMerra sync status","Estado de la sincronización de AskMerra"
"AskMerra: %1","AskMerra: %1"
"AskMerra: the catalog of %1 store view(s) is being rebuilt; only products whose content changed are sent. Follow it under Marketing > AskMerra > Sync status.","AskMerra: se está reconstruyendo el catálogo de %1 vista(s) de tienda; solo se envían los productos cuyo contenido ha cambiado. Siga el proceso en Marketing > AskMerra > Estado de la sincronización."
"Attempts","Intentos"
"Automatic (Google Consent Mode / Tag Manager)","Automático (Google Consent Mode / Tag Manager)"
"Automatic (from the store view locale)","Automático (según la configuración regional de la vista de tienda)"
"Being prepared: %1 products to go. The URL works once the whole catalog is ready.","En preparación: faltan %1 productos. La URL funciona en cuanto todo el catálogo esté listo."
"Being prepared: it is published once the whole catalog is ready (%1 products to go).","En preparación: se publica en cuanto todo el catálogo esté listo (faltan %1 productos)."
"Bottom left","Abajo a la izquierda"
"Bottom right","Abajo a la derecha"
"Brand attribute","Atributo de marca"
"Catalog","Catálogo"
"Catalog, Search","Catálogo, Búsqueda"
"Category IDs, separated by commas; their subcategories are excluded too. To leave out single products, set <strong>Hide from AskMerra</strong> on the product (AskMerra tab).","ID de categorías, separados por comas; sus subcategorías también se excluyen. Para excluir productos concretos, active <strong>Ocultar en AskMerra</strong> en el producto (pestaña AskMerra)."
"Change only for an AskMerra test environment.","Cambiar solo para un entorno de pruebas de AskMerra."
"Check connection","Comprobar conexión"
"Checking...","Comprobando..."
"Checks the keys as typed, before saving.","Comprueba las claves tal como se han introducido, antes de guardar."
"Connected to the AskMerra shop ""%1"".","Conectado a la tienda de AskMerra «%1»."
"Connection","Conexión"
"Create the keys in your AskMerra dashboard, under <strong>API keys</strong>. One AskMerra shop has one currency: a store view in another currency (or another brand) connects to its own AskMerra shop - switch the scope to that store view and enter its keys there.","Cree las claves en su panel de AskMerra, en <strong>Claves de API</strong>. Una tienda de AskMerra tiene una sola moneda: una vista de tienda en otra moneda (o de otra marca) se conecta a su propia tienda de AskMerra - cambie el alcance a esa vista de tienda e introduzca allí sus claves."
"Cron is sending the queue right now. Check again in a minute.","El cron está enviando la cola en este momento. Vuelva a comprobarlo dentro de un minuto."
"Daily check","Comprobación diaria"
"Daily check done: %1 missing products and %2 products that left the catalog were queued, %3 with special prices starting or ending today.","Comprobación diaria completada: se han puesto en cola %1 productos que faltaban y %2 productos que salieron del catálogo, %3 con precios especiales que empiezan o terminan hoy."
"Daily maintenance at","Mantenimiento diario a las"
"Debug log","Registro de depuración"
"Description","Descripción"
"Desktop only.","Solo en escritorio."
"Enable AskMerra","Activar AskMerra"
"English","Inglés"
"Enter the secret key (sk_live_...) from your AskMerra dashboard, API keys.","Introduzca la clave secreta (sk_live_...) de su panel de AskMerra, en Claves de API."
"Error","Error"
"Every 12 hours","Cada 12 horas"
"Every 3 hours","Cada 3 horas"
"Every 6 hours","Cada 6 horas"
"Every 8 hours","Cada 8 horas"
"Every day","Cada día"
"Every feed gets a new URL and the old ones stop working. Update the feed sources in AskMerra afterwards. Continue?","Cada feed recibe una URL nueva y las anteriores dejan de funcionar. Después, actualice las fuentes de feed en AskMerra. ¿Continuar?"
"Every hour","Cada hora"
"Every month, on the 1st","Cada mes, el día 1"
"Every week, on Sunday (recommended)","Cada semana, el domingo (recomendado)"
"Exclude categories","Excluir categorías"
"Failed","Con error"
"Feed URL","URL del feed"
"Feed URL for AskMerra (Catalog, Add source, Feed URL): %1","URL del feed para AskMerra (Catálogo, Añadir fuente, URL del feed): %1"
"Feed URLs","URL de los feeds"
"Feed file","Archivo del feed"
"For configurable products: the sizes, colours... a shopper can choose are sent as attributes of the product. The product itself is sent once, not once per variant.","Para productos configurables: las tallas, colores... que un cliente puede elegir se envían como atributos del producto. El producto en sí se envía una vez, no una vez por variante."
"Format","Formato"
"French","Francés"
"Full rebuild","Reconstrucción completa"
"Generate now or change the secret part on the Sync status page.","Generar ahora o cambiar la parte secreta en la página Estado de la sincronización."
"German","Alemán"
"Give the feeds new URLs","Asignar URL nuevas a los feeds"
"Go to the cart page","Ir a la página del carrito"
"Google Shopping XML","Google Shopping XML"
"Hide from AskMerra","Ocultar en AskMerra"
"Hide until it happens again","Ocultar hasta que vuelva a ocurrir"
"How AskMerra gets the catalog","Cómo obtiene AskMerra el catálogo"
"How products are matched between Magento and AskMerra. Product ID never changes; choose SKU only if your other AskMerra data already uses SKUs. Changing it later replaces the whole catalog in AskMerra.","Cómo se emparejan los productos entre Magento y AskMerra. El ID de producto nunca cambia; elija SKU solo si sus demás datos de AskMerra ya usan SKU. Cambiarlo más adelante sustituye todo el catálogo en AskMerra."
"Images per product","Imágenes por producto"
"In the AskMerra dashboard: Catalog, Add source, Feed URL. The URL holds a secret part - share it only with AskMerra.","En el panel de AskMerra: Catálogo, Añadir fuente, URL del feed. La URL contiene una parte secreta - compártala solo con AskMerra."
"Include out-of-stock products","Incluir productos agotados"
"Include variant options","Incluir opciones de variantes"
"It has no name in this store view.","No tiene nombre en esta vista de tienda."
"It is in an excluded category.","Está en una categoría excluida."
"It is out of stock, and out-of-stock products are not sent.","Está agotado, y los productos agotados no se envían."
"It is still in AskMerra and is removed by the queue.","Todavía está en AskMerra y se elimina mediante la cola."
"Italian","Italiano"
"JSON - all attributes (recommended)","JSON - todos los atributos (recomendado)"
"Know the product being viewed","Conocer el producto que se está viendo"
"Language","Idioma"
"Language / currency","Idioma / moneda"
"Last product sent","Último producto enviado"
"Latest errors","Últimos errores"
"Look, greeting, colours and where the chat shows are set in the AskMerra widget designer. Headless storefronts (PWA Studio, ScandiPWA...) read these settings with the GraphQL query <code>askMerraWidgetConfig</code> - see the module README.","El aspecto, el saludo, los colores y dónde aparece el chat se configuran en el diseñador del widget de AskMerra. Las tiendas headless (PWA Studio, ScandiPWA...) leen esta configuración con la consulta GraphQL <code>askMerraWidgetConfig</code> - consulte el README del módulo."
"Magento cookie notice","Aviso de cookies de Magento"
"Magento cron has not processed the AskMerra queue in the last 15 minutes. Without cron nothing is sent: check that bin/magento cron:run runs every minute.","El cron de Magento no ha procesado la cola de AskMerra en los últimos 15 minutos. Sin cron no se envía nada: compruebe que bin/magento cron:run se ejecuta cada minuto."
"Manual (set by my cookie banner)","Manual (lo establece mi banner de cookies)"
"Next attempt","Próximo intento"
"No product with the ID or SKU ""%1"".","No hay ningún producto con el ID o SKU «%1»."
"No secret key: not needed with a product feed - AskMerra downloads the feed URL shown under Product feed.","Sin clave secreta: no es necesaria con un feed de productos - AskMerra descarga la URL del feed que se muestra en la sección Feed de productos."
"No site key: the chat widget will not show on the storefront.","Sin clave de sitio: el widget de chat no se mostrará en la tienda."
"No store view in this scope sends its catalog as a feed. Set ""How AskMerra gets the catalog"" to ""Product feed"" and save.","Ninguna vista de tienda de este alcance envía su catálogo como feed. Establezca «Cómo obtiene AskMerra el catálogo» en «Feed de productos» y guarde."
"Not in AskMerra yet.","Todavía no está en AskMerra."
"Not needed on this site","No es necesario en este sitio"
"Not offered in this store view: deleted, disabled, not visible, not in its website or of a product type that is not sent.","No se ofrece en esta vista de tienda: eliminado, deshabilitado, no visible, no asignado a su sitio web o de un tipo de producto que no se envía."
"Not syncing: no secret key","Sin sincronización: falta la clave secreta"
"Not written yet.","Aún no se ha generado."
"Not written yet: it is written at the next scheduled run.","Aún no se ha generado: se generará en la próxima ejecución programada."
"Nothing could be sent right now: AskMerra asked to wait, did not answer or refused the key. %1 products wait and are sent automatically; the latest errors are listed below.","No se ha podido enviar nada por ahora: AskMerra pidió esperar, no respondió o rechazó la clave. Productos en espera, enviados automáticamente: %1; los últimos errores se muestran abajo."
"Nothing was removed: AskMerra removes products only with the secret key. Enter it for this store view under Stores > Configuration > AskMerra (AskMerra can stay turned off), then try again.","No se ha eliminado nada: AskMerra solo elimina productos con la clave secreta. Introdúzcala para esta vista de tienda en Tiendas > Configuración > AskMerra (AskMerra puede seguir desactivado) y vuelva a intentarlo."
"Off","Desactivado"
"Off by default so shoppers are not distracted while paying. The order success page always loads the widget when orders are reported.","Desactivado de forma predeterminada para no distraer a los clientes mientras pagan. La página de confirmación del pedido siempre carga el widget cuando se comunican los pedidos."
"On product pages the assistant knows which product the shopper is looking at (""Is this good for dry skin?"").","En las páginas de producto, el asistente sabe qué producto está mirando el cliente («¿Es bueno para la piel seca?»)."
"On the order success page, so AskMerra can show the sales the assistant helped with. No name, e-mail or address is sent - only the order number, total and products.","En la página de confirmación del pedido, para que AskMerra pueda mostrar las ventas en las que ha ayudado el asistente. No se envía el nombre, el correo electrónico ni la dirección - solo el número de pedido, el total y los productos."
"Once a day","Una vez al día"
"Only changed products are rebuilt; the file itself is rewritten from them in seconds, and only when something changed. Keep it at least as often as AskMerra downloads it (every 1 to 6 hours, depending on the plan).","Solo se reconstruyen los productos modificados; el propio archivo se reescribe a partir de ellos en segundos, y solo cuando algo ha cambiado. Configúrelo al menos con la misma frecuencia con la que AskMerra lo descarga (cada 1 a 6 horas, según el plan)."
"Only products whose content changed are rebuilt and sent. Changes are picked up within about a minute by Magento cron; every day missing products are added and products that left the catalog are removed.","Solo se reconstruyen y envían los productos cuyo contenido ha cambiado. El cron de Magento detecta los cambios en aproximadamente un minuto; cada día se añaden los productos que faltan y se eliminan los que han salido del catálogo."
"Only what changed is rebuilt and sent: product, price and stock changes - also those made by imports and ERP integrations - are picked up within about a minute (Magento cron and the <em>AskMerra product sync</em> indexer on <em>Update by Schedule</em>, set on install). Every day the module also adds products that are missing in AskMerra and removes the ones that left the catalog. Large catalogs are fine: 50,000 products are not rebuilt unless they change.","Solo se reconstruye y envía lo que ha cambiado: los cambios de productos, precios y stock - también los realizados por importaciones e integraciones ERP - se detectan en aproximadamente un minuto (cron de Magento e indexador <em>Sincronización de productos de AskMerra</em> en <em>Actualizar por agenda</em>, configurado durante la instalación). Además, cada día el módulo añade los productos que faltan en AskMerra y elimina los que han salido del catálogo. Los catálogos grandes no son un problema: 50.000 productos no se reconstruyen a menos que cambien."
"Only when started by hand","Solo con inicio manual"
"Open on page load","Abrir al cargar la página"
"Open the sync status: errors, full rebuild, payload preview","Abrir el estado de la sincronización: errores, reconstrucción completa, vista previa del payload"
"Orders are reported only with the shopper's analytics consent. <strong>Automatic</strong>: read from Google Consent Mode / Google Tag Manager. <strong>Magento cookie notice</strong>: when the shopper accepts Magento's cookie notice. <strong>Not needed</strong>: no consent banner is required on this site. <strong>Manual</strong>: your cookie banner calls <code>AskMerra.setConsent({analytics: true})</code>. Without Google Consent Mode on the site, <strong>Automatic</strong> never receives consent and no order is reported: choose another mode.","Los pedidos solo se comunican con el consentimiento de analítica del cliente. <strong>Automático</strong>: se lee de Google Consent Mode / Google Tag Manager. <strong>Aviso de cookies de Magento</strong>: cuando el cliente acepta el aviso de cookies de Magento. <strong>No es necesario</strong>: en este sitio no se requiere ningún banner de consentimiento. <strong>Manual</strong>: su banner de cookies llama a <code>AskMerra.setConsent({analytics: true})</code>. Sin Google Consent Mode en el sitio, <strong>Automático</strong> nunca recibe el consentimiento y no se comunica ningún pedido: elija otro modo."
"Position","Posición"
"Preview","Vista previa"
"Preview a product","Vista previa de un producto"
"Product","Producto"
"Product %1 as AskMerra receives it:","Producto %1 tal como lo recibe AskMerra:"
"Product %1 has the same SKU as product %2 (%3); AskMerra needs unique product identifiers.","El producto %1 tiene el mismo SKU que el producto %2 (%3); AskMerra necesita identificadores de producto únicos."
"Product %1 is not sent to AskMerra in this store view.","El producto %1 no se envía a AskMerra en esta vista de tienda."
"Product %1 was processed. Preview it again to see the result.","El producto %1 se ha procesado. Vuelva a abrir la vista previa para ver el resultado."
"Product ID (recommended)","ID de producto (recomendado)"
"Product ID or SKU","ID de producto o SKU"
"Product attributes to include","Atributos de producto que incluir"
"Product feed","Feed de productos"
"Product feed - AskMerra downloads a file","Feed de productos - AskMerra descarga un archivo"
"Product identifier","Identificador de producto"
"Product types","Tipos de producto"
"Product visibility","Visibilidad del producto"
"Products in AskMerra","Productos en AskMerra"
"Products per request","Productos por petición"
"Published %1 (%2 KB).","Publicado el %1 (%2 KB)."
"Push API","Push API"
"Push API - changes within a minute (recommended)","Push API - cambios en menos de un minuto (recomendado)"
"Push API, 1 to 500. Lower it if products have very long descriptions.","Push API, de 1 a 500. Redúzcalo si los productos tienen descripciones muy largas."
"Queues changed products for AskMerra. Keep it on ""Update by Schedule""; a full reindex rebuilds every product (only changed ones are sent).","Pone en cola los productos modificados para AskMerra. Manténgalo en «Actualizar por agenda»; una reindexación completa reconstruye todos los productos (solo se envían los modificados)."
"Rebuild every product of this store view? Only products whose content changed are sent.","¿Reconstruir todos los productos de esta vista de tienda? Solo se envían los productos cuyo contenido ha cambiado."
"Recommended: the assistant then knows the product and can say it is out of stock - it never recommends it. With No, products leave AskMerra while out of stock.","Recomendado: así el asistente conoce el producto y puede decir que está agotado - nunca lo recomienda. Con «No», los productos salen de AskMerra mientras están agotados."
"Regenerate the feed","Regenerar el feed"
"Remove every product of this store view from AskMerra? The assistant stops recommending them. A feed source must also be deleted in the AskMerra dashboard.","¿Eliminar de AskMerra todos los productos de esta vista de tienda? El asistente deja de recomendarlos. Una fuente de feed también debe eliminarse en el panel de AskMerra."
"Remove its products from AskMerra","Eliminar sus productos de AskMerra"
"Report orders to AskMerra","Comunicar los pedidos a AskMerra"
"Request timeout (seconds)","Tiempo de espera de la petición (segundos)"
"Retry failed products","Reintentar los productos con error"
"Romanian","Rumano"
"Run the daily check now","Ejecutar ahora la comprobación diaria"
"SKU","SKU"
"Save the settings to start using this key.","Guarde la configuración para empezar a usar esta clave."
"Search","Búsqueda"
"Secret key","Clave secreta"
"Send changes now","Enviar los cambios ahora"
"Send stock quantity","Enviar la cantidad en stock"
"Send this product now","Enviar este producto ahora"
"Send to AskMerra now","Enviar a AskMerra ahora"
"Sent as plain text (HTML, Page Builder styles and widget codes are removed), up to 20,000 characters.","Se envía como texto sin formato (se eliminan el HTML, los estilos de Page Builder y los códigos de widgets), hasta 20.000 caracteres."
"Sent or updated: %1, unchanged: %2, removed: %3, failed: %4.","Enviados o actualizados: %1, sin cambios: %2, eliminados: %3, con error: %4."
"Server time. Adds missing products, removes products that left the catalog, picks up special prices that start or end today.","Hora del servidor. Añade los productos que faltan, elimina los que han salido del catálogo y detecta los precios especiales que empiezan o terminan hoy."
"Settings","Configuración"
"Settings of this store view","Configuración de esta vista de tienda"
"Short description","Descripción corta"
"Short description, then description","Descripción corta y luego descripción"
"Show on the checkout page","Mostrar en la página de pago"
"Show the chat widget","Mostrar el widget de chat"
"Simple products go straight into the Magento cart and the mini cart refreshes; products with options (sizes, colours...) open their page. Also turn on ""Show add to cart"" in the AskMerra widget designer.","Los productos simples van directamente al carrito de Magento y el minicarrito se actualiza; los productos con opciones (tallas, colores...) abren su página. Active también «Mostrar el botón “Añadir al carrito”» en el diseñador del widget de AskMerra."
"Site key","Clave de sitio"
"Site key set. In the AskMerra dashboard, allow the domain %1 for the widget (Install, Allowed domains), or the chat stays hidden.","Clave de sitio configurada. En el panel de AskMerra, permita el dominio %1 para el widget (Instalación, Dominios permitidos), o el chat permanecerá oculto."
"Spanish","Español"
"Starts with <code>pk_live_</code>. The public key of the chat widget. Add this store's domain to the allowed domains of your AskMerra shop.","Empieza por <code>pk_live_</code>. La clave pública del widget de chat. Añada el dominio de esta tienda a los dominios permitidos de su tienda de AskMerra."
"Starts with <code>sk_live_</code>. Used only by the server to send your catalog; it is stored encrypted and never reaches the storefront.","Empieza por <code>sk_live_</code>. Solo la usa el servidor para enviar su catálogo; se guarda cifrada y nunca llega a la tienda."
"Stay on the page (mini cart refreshes)","Permanecer en la página (el minicarrito se actualiza)"
"Store view ""%1"" has a language AskMerra does not serve: choose one under AskMerra > Connection > Language.","La vista de tienda «%1» tiene un idioma que AskMerra no admite: elija uno en AskMerra > Conexión > Idioma."
"Store views %1 send the same language to the same AskMerra shop: each overwrites the other. Give them different languages or different AskMerra shops.","Las vistas de tienda %1 envían el mismo idioma a la misma tienda de AskMerra: cada una sobrescribe a la otra. Asígneles idiomas distintos o tiendas de AskMerra distintas."
"Storefront widget","Widget de la tienda"
"Sync","Sincronización"
"Sync status","Estado de la sincronización"
"Sync status and actions","Estado de la sincronización y acciones"
"The ""AskMerra product sync"" indexer is missing: run bin/magento setup:upgrade.","Falta el indexador «Sincronización de productos de AskMerra»: ejecute bin/magento setup:upgrade."
"The ""AskMerra product sync"" indexer is on ""Update on Save"": changes made by imports or ERP integrations are missed. Set it to ""Update by Schedule"" (System > Index Management).","El indexador «Sincronización de productos de AskMerra» está en «Actualizar al guardar»: los cambios realizados por importaciones o integraciones ERP no se detectan. Cámbielo a «Actualizar por agenda» (Sistema > Gestión de índices)."
"The <code>src</code> of the snippet in the AskMerra dashboard (Install); the snippet's other value is the site key above. The script is added to the <code>&lt;head&gt;</code> of every page - Luma, Hyvä and ScandiPWA alike.","El valor <code>src</code> del fragmento de código del panel de AskMerra (Instalación); el otro valor del fragmento es la clave de sitio indicada arriba. El script se añade al <code>&lt;head&gt;</code> de cada página - igual en Luma, Hyvä y ScandiPWA."
"The AI shopping assistant will not know or recommend this product.","El asistente de compras con IA no conocerá ni recomendará este producto."
"The API URL must start with https:// (http:// only for a local test server).","La URL de la API debe empezar por https:// (http:// solo para un servidor de pruebas local)."
"The action failed: %1","La acción ha fallado: %1"
"The catalog is being prepared (%1 products to go); the feed is published once all of it is ready.","El catálogo se está preparando (faltan %1 productos); el feed se publica en cuanto esté completamente listo."
"The check could not run. Reload the page and try again.","No se ha podido realizar la comprobación. Vuelva a cargar la página e inténtelo de nuevo."
"The details the assistant can use to answer and filter: e.g. skin type, ingredients, colour, size, material. Sent with their store view labels. Select several with Ctrl/Cmd. Avoid stock, prices and dates - they are sent separately.","Los datos que el asistente puede usar para responder y filtrar: p. ej., tipo de piel, ingredientes, color, talla, material. Se envían con sus etiquetas de la vista de tienda. Seleccione varios con Ctrl/Cmd. Evite el stock, los precios y las fechas - se envían por separado."
"The feed URLs hold a secret part so only AskMerra can find them. If a URL was shared by mistake, give every feed a new one - then update the feed sources in the AskMerra dashboard.","Las URL de los feeds contienen una parte secreta para que solo AskMerra pueda encontrarlas. Si se ha compartido una URL por error, asigne una nueva a cada feed - después, actualice las fuentes de feed en el panel de AskMerra."
"The feed was written: %1 products.","El feed se ha generado: %1 productos."
"The feeds have new URLs. Update the feed sources in the AskMerra dashboard.","Los feeds tienen URL nuevas. Actualice las fuentes de feed en el panel de AskMerra."
"The language this store view's products are sent in and the assistant answers in. Automatic uses the store view's locale (Stores > Configuration > General > Locale Options) when AskMerra supports it.","El idioma en el que se envían los productos de esta vista de tienda y en el que responde el asistente. Automático usa la configuración regional de la vista de tienda (Tiendas > Configuración > General > Opciones de configuración regional) cuando AskMerra la admite."
"The main image comes first; the chat shows it on the product card.","La imagen principal va primero; el chat la muestra en la tarjeta del producto."
"The product could not be added to your cart. Please try again.","No se ha podido añadir el producto a su carrito. Por favor, inténtelo de nuevo."
"The product is too large to send to AskMerra; shorten its description or attributes. %1","El producto es demasiado grande para enviarlo a AskMerra; acorte su descripción o sus atributos. %1"
"The secret key field holds the site key (pk_...). The secret key starts with sk_live_.","El campo de la clave secreta contiene la clave de sitio (pk_...). La clave secreta empieza por sk_live_."
"The site key field holds the secret key - remove it from there at once: the site key is public. The site key starts with pk_live_.","El campo de la clave de sitio contiene la clave secreta - quítela de ahí de inmediato: la clave de sitio es pública. La clave de sitio empieza por pk_live_."
"The site key usually starts with pk_live_. Check that it was copied whole.","La clave de sitio suele empezar por pk_live_. Compruebe que se ha copiado completa."
"This product is no longer available.","Este producto ya no está disponible."
"This store view does not send its catalog as a feed.","Esta vista de tienda no envía su catálogo como feed."
"This store view no longer syncs, but AskMerra still has %1 of its products.","Esta vista de tienda ya no se sincroniza, pero AskMerra todavía tiene %1 de sus productos."
"Turn AskMerra off for this store view first: otherwise its products are sent again at the next daily check.","Desactive primero AskMerra para esta vista de tienda: de lo contrario, sus productos se volverán a enviar en la próxima comprobación diaria."
"Unknown action.","Acción desconocida."
"Used by the store views whose catalog is sent as a feed. Each store view has its own feed URL.","Lo usan las vistas de tienda cuyo catálogo se envía como feed. Cada vista de tienda tiene su propia URL del feed."
"View cart","Ver carrito"
"Waiting to be sent","Pendientes de envío"
"What AskMerra learns about your products. Saving changes here sends the whole catalog again. <strong>Note:</strong> AskMerra re-reads a product with AI (billed as usage) when its name, description, categories, brand or attributes change - pick attributes that describe the product, not ones that change every day.","Lo que AskMerra aprende sobre sus productos. Guardar cambios aquí vuelve a enviar todo el catálogo. <strong>Nota:</strong> AskMerra vuelve a leer un producto con IA (se factura como uso) cuando cambian su nombre, descripción, categorías, marca o atributos - elija atributos que describan el producto, no atributos que cambien cada día."
"Widget script URL","URL del script del widget"
"Write the feed now","Generar el feed ahora"
"Writes every request and response to var/log/askmerra.log. Errors are always logged.","Escribe cada petición y respuesta en var/log/askmerra.log. Los errores se registran siempre."
"Your session has expired. Please refresh the page.","Su sesión ha caducado. Por favor, actualice la página."
"never","nunca"
"none: retry, or change the product","ninguno: reintente o modifique el producto"
"products changed since; rewritten at the next scheduled run","productos modificados desde entonces; se reescribirá en la próxima ejecución programada"
"shop default","predeterminado de la tienda"
