"""Hide from AskMerra"" is set on the product.","« Masquer dans AskMerra » est activé sur le produit."
"%1 failed products are tried again.","Nouvelle tentative pour %1 produits en échec."
"%1 products are still waiting; cron continues with them.","%1 produits sont encore en attente ; le cron poursuit leur traitement."
"%1 products queued for the rebuild. Cron sends those whose content changed within the next minutes.","%1 produits mis en file d’attente pour la reconstruction. Dans les minutes qui suivent, le cron envoie ceux dont le contenu a changé."
"%1 products sent, %2 waiting, %3 failed.","%1 produits envoyés, %2 en attente, %3 en échec."
"%1 products were queued for AskMerra; they are sent within a minute (only those whose content changed).","%1 produits ont été mis en file d’attente pour AskMerra ; ils sont envoyés dans la minute (uniquement ceux dont le contenu a changé)."
"%1 products were removed from AskMerra.","%1 produits ont été retirés d’AskMerra."
"%1 was added to your cart.","Le produit %1 a été ajouté à votre panier."
"%1, %2 KB, %3","%1, %2 Ko, %3"
"-- No brand --","-- Aucune marque --"
"<strong>JSON</strong> carries every selected attribute. <strong>Google Shopping XML</strong> can also be used for Google Merchant Center, but only keeps standard attributes (colour, size, material, gender, GTIN, EAN, skin type, ingredients, volume, weight...).","<strong>JSON</strong> transmet tous les attributs sélectionnés. <strong>Google Shopping XML</strong> peut aussi servir pour Google Merchant Center, mais ne conserve que les attributs standard (couleur, taille, matière, sexe, GTIN, EAN, type de peau, ingrédients, volume, poids...)."
"<strong>Push API</strong> sends changes within about a minute and removes deleted products. <strong>Feed</strong> publishes a file that AskMerra downloads every 1 to 6 hours (depending on your plan) - add its URL in the AskMerra dashboard, under Catalog > Add source > Feed URL.","<strong>Push API</strong> envoie les modifications en une minute environ et retire les produits supprimés. <strong>Flux</strong> publie un fichier qu’AskMerra télécharge toutes les 1 à 6 heures (selon votre forfait) - ajoutez son URL dans le tableau de bord AskMerra, sous Catalogue > Ajouter une source > URL du flux."
"A safety net: every product is rebuilt and compared - still only changed ones are sent. Runs at the maintenance time, spread over the following minutes.","Un filet de sécurité : chaque produit est reconstruit et comparé - seuls les produits modifiés sont toutefois envoyés. Elle s’exécute à l’heure de la maintenance, répartie sur les minutes suivantes."
"AI Shopping Assistant","Assistant d’achat IA"
"API URL","URL de l’API"
"Add to cart from the chat","Ajouter au panier depuis le chat"
"Advanced","Avancé"
"After adding to cart","Après l’ajout au panier"
"Analytics consent","Consentement aux statistiques"
"As set in the AskMerra designer","Comme défini dans l’éditeur AskMerra"
"AskMerra","AskMerra"
"AskMerra could not be reached: %1","Impossible de joindre AskMerra : %1"
"AskMerra does not accept the catalog of %1: the secret key was refused or the AskMerra shop is suspended. Changes are kept and sent once fixed. <a href=""%2"">See the sync status</a>.","AskMerra n’accepte pas le catalogue de %1 : la clé secrète a été refusée ou la boutique AskMerra est suspendue. Les modifications sont conservées et envoyées dès que le problème est résolu. <a href=""%2"">Voir l’état de la synchronisation</a>."
"AskMerra does not sync any store view yet. Check its settings.","AskMerra ne synchronise encore aucune vue magasin. Vérifiez ses paramètres."
"AskMerra does not sync this store view. Check its settings.","AskMerra ne synchronise pas cette vue magasin. Vérifiez ses paramètres."
"AskMerra has an older version; the change is sent by the queue.","AskMerra dispose d’une version plus ancienne ; la modification est envoyée via la file d’attente."
"AskMerra has this version.","AskMerra dispose de cette version."
"AskMerra product sync","Synchronisation des produits AskMerra"
"AskMerra refused the secret key (%1). Check that it is copied whole, not revoked, and that the AskMerra shop is active.","AskMerra a refusé la clé secrète (%1). Vérifiez qu’elle a été copiée en entier, qu’elle n’a pas été révoquée et que la boutique AskMerra est active."
"AskMerra refuses this store view's key since %1: %2","AskMerra refuse la clé de cette vue magasin depuis le %1 : %2"
"AskMerra rejected the product: %1","AskMerra a refusé le produit : %1"
"AskMerra sync status","État de la synchronisation AskMerra"
"AskMerra: %1","AskMerra : %1"
"AskMerra: the catalog of %1 store view(s) is being rebuilt; only products whose content changed are sent. Follow it under Marketing > AskMerra > Sync status.","AskMerra : le catalogue de %1 vue(s) magasin est en cours de reconstruction ; seuls les produits dont le contenu a changé sont envoyés. Suivez l’avancement dans Marketing > AskMerra > État de la synchronisation."
"Attempts","Tentatives"
"Automatic (Google Consent Mode / Tag Manager)","Automatique (Google Consent Mode / Tag Manager)"
"Automatic (from the store view locale)","Automatique (selon les paramètres régionaux de la vue magasin)"
"Being prepared: %1 products to go. The URL works once the whole catalog is ready.","En préparation : encore %1 produits. L’URL fonctionne dès que tout le catalogue est prêt."
"Being prepared: it is published once the whole catalog is ready (%1 products to go).","En préparation : il est publié dès que tout le catalogue est prêt (encore %1 produits)."
"Bottom left","En bas à gauche"
"Bottom right","En bas à droite"
"Brand attribute","Attribut de marque"
"Catalog","Catalogue"
"Catalog, Search","Catalogue, Recherche"
"Category IDs, separated by commas; their subcategories are excluded too. To leave out single products, set <strong>Hide from AskMerra</strong> on the product (AskMerra tab).","ID de catégories, séparés par des virgules ; leurs sous-catégories sont également exclues. Pour exclure des produits individuels, activez <strong>Masquer dans AskMerra</strong> sur le produit (onglet AskMerra)."
"Change only for an AskMerra test environment.","À modifier uniquement pour un environnement de test AskMerra."
"Check connection","Vérifier la connexion"
"Checking...","Vérification..."
"Checks the keys as typed, before saving.","Vérifie les clés telles que saisies, avant l’enregistrement."
"Connected to the AskMerra shop ""%1"".","Connecté à la boutique AskMerra « %1 »."
"Connection","Connexion"
"Create the keys in your AskMerra dashboard, under <strong>API keys</strong>. One AskMerra shop has one currency: a store view in another currency (or another brand) connects to its own AskMerra shop - switch the scope to that store view and enter its keys there.","Créez les clés dans votre tableau de bord AskMerra, sous <strong>Clés API</strong>. Une boutique AskMerra n’a qu’une seule devise : une vue magasin dans une autre devise (ou d’une autre marque) se connecte à sa propre boutique AskMerra - basculez la portée sur cette vue magasin et saisissez-y ses clés."
"Cron is sending the queue right now. Check again in a minute.","Le cron est en train d’envoyer la file d’attente. Vérifiez à nouveau dans une minute."
"Daily check","Vérification quotidienne"
"Daily check done: %1 missing products and %2 products that left the catalog were queued, %3 with special prices starting or ending today.","Vérification quotidienne terminée : %1 produits manquants et %2 produits sortis du catalogue ont été mis en file d’attente, %3 avec des prix spéciaux qui commencent ou se terminent aujourd’hui."
"Daily maintenance at","Maintenance quotidienne à"
"Debug log","Journal de débogage"
"Description","Description"
"Desktop only.","Sur ordinateur uniquement."
"Enable AskMerra","Activer AskMerra"
"English","Anglais"
"Enter the secret key (sk_live_...) from your AskMerra dashboard, API keys.","Saisissez la clé secrète (sk_live_...) provenant de votre tableau de bord AskMerra (Clés API)."
"Error","Erreur"
"Every 12 hours","Toutes les 12 heures"
"Every 3 hours","Toutes les 3 heures"
"Every 6 hours","Toutes les 6 heures"
"Every 8 hours","Toutes les 8 heures"
"Every day","Tous les jours"
"Every feed gets a new URL and the old ones stop working. Update the feed sources in AskMerra afterwards. Continue?","Chaque flux reçoit une nouvelle URL et les anciennes cessent de fonctionner. Mettez ensuite à jour les sources de flux dans AskMerra. Continuer ?"
"Every hour","Toutes les heures"
"Every month, on the 1st","Tous les mois, le 1er"
"Every week, on Sunday (recommended)","Toutes les semaines, le dimanche (recommandé)"
"Exclude categories","Exclure des catégories"
"Failed","En échec"
"Feed URL","URL du flux"
"Feed URL for AskMerra (Catalog, Add source, Feed URL): %1","URL du flux pour AskMerra (Catalogue, Ajouter une source, URL du flux) : %1"
"Feed URLs","URL des flux"
"Feed file","Fichier du flux"
"For configurable products: the sizes, colours... a shopper can choose are sent as attributes of the product. The product itself is sent once, not once per variant.","Pour les produits configurables : les tailles, couleurs... qu’un client peut choisir sont envoyées comme attributs du produit. Le produit lui-même est envoyé une seule fois, et non une fois par variante."
"Format","Format"
"French","Français"
"Full rebuild","Reconstruction complète"
"Generate now or change the secret part on the Sync status page.","Générez maintenant ou modifiez la partie secrète sur la page État de la synchronisation."
"German","Allemand"
"Give the feeds new URLs","Attribuer de nouvelles URL aux flux"
"Go to the cart page","Aller à la page du panier"
"Google Shopping XML","Google Shopping XML"
"Hide from AskMerra","Masquer dans AskMerra"
"Hide until it happens again","Masquer jusqu’à ce que cela se reproduise"
"How AskMerra gets the catalog","Comment AskMerra récupère le catalogue"
"How products are matched between Magento and AskMerra. Product ID never changes; choose SKU only if your other AskMerra data already uses SKUs. Changing it later replaces the whole catalog in AskMerra.","Comment les produits sont mis en correspondance entre Magento et AskMerra. L’ID du produit ne change jamais ; choisissez SKU uniquement si vos autres données AskMerra utilisent déjà des SKU. Le modifier ultérieurement remplace l’intégralité du catalogue dans AskMerra."
"Images per product","Images par produit"
"In the AskMerra dashboard: Catalog, Add source, Feed URL. The URL holds a secret part - share it only with AskMerra.","Dans le tableau de bord AskMerra : Catalogue, Ajouter une source, URL du flux. L’URL contient une partie secrète - ne la partagez qu’avec AskMerra."
"Include out-of-stock products","Inclure les produits en rupture de stock"
"Include variant options","Inclure les options des variantes"
"It has no name in this store view.","Il n’a pas de nom dans cette vue magasin."
"It is in an excluded category.","Il se trouve dans une catégorie exclue."
"It is out of stock, and out-of-stock products are not sent.","Il est en rupture de stock, et les produits en rupture de stock ne sont pas envoyés."
"It is still in AskMerra and is removed by the queue.","Il est encore dans AskMerra et est retiré via la file d’attente."
"Italian","Italien"
"JSON - all attributes (recommended)","JSON - tous les attributs (recommandé)"
"Know the product being viewed","Connaître le produit consulté"
"Language","Langue"
"Language / currency","Langue / devise"
"Last product sent","Dernier produit envoyé"
"Latest errors","Dernières erreurs"
"Look, greeting, colours and where the chat shows are set in the AskMerra widget designer. Headless storefronts (PWA Studio, ScandiPWA...) read these settings with the GraphQL query <code>askMerraWidgetConfig</code> - see the module README.","L’apparence, le message d’accueil, les couleurs et les endroits où le chat s’affiche se définissent dans l’éditeur de widget AskMerra. Les vitrines headless (PWA Studio, ScandiPWA...) lisent ces paramètres avec la requête GraphQL <code>askMerraWidgetConfig</code> - voir le README du module."
"Magento cookie notice","Avis sur les cookies de Magento"
"Magento cron has not processed the AskMerra queue in the last 15 minutes. Without cron nothing is sent: check that bin/magento cron:run runs every minute.","Le cron de Magento n’a pas traité la file d’attente AskMerra au cours des 15 dernières minutes. Sans cron, rien n’est envoyé : vérifiez que bin/magento cron:run s’exécute toutes les minutes."
"Manual (set by my cookie banner)","Manuel (défini par ma bannière de cookies)"
"Next attempt","Prochaine tentative"
"No product with the ID or SKU ""%1"".","Aucun produit avec l’ID ou le SKU « %1 »."
"No secret key: not needed with a product feed - AskMerra downloads the feed URL shown under Product feed.","Aucune clé secrète : inutile avec un flux de produits - AskMerra télécharge l’URL du flux affichée dans la section Flux de produits."
"No site key: the chat widget will not show on the storefront.","Aucune clé de site : le widget de chat ne s’affichera pas en vitrine."
"No store view in this scope sends its catalog as a feed. Set ""How AskMerra gets the catalog"" to ""Product feed"" and save.","Aucune vue magasin de cette portée n’envoie son catalogue sous forme de flux. Réglez « Comment AskMerra récupère le catalogue » sur « Flux de produits » et enregistrez."
"Not in AskMerra yet.","Pas encore dans AskMerra."
"Not needed on this site","Non nécessaire sur ce site"
"Not offered in this store view: deleted, disabled, not visible, not in its website or of a product type that is not sent.","Non proposé dans cette vue magasin : supprimé, désactivé, non visible, absent de son site web ou d’un type de produit qui n’est pas envoyé."
"Not syncing: no secret key","Pas de synchronisation : aucune clé secrète"
"Not written yet.","Pas encore généré."
"Not written yet: it is written at the next scheduled run.","Pas encore généré : il le sera lors de la prochaine exécution planifiée."
"Nothing could be sent right now: AskMerra asked to wait, did not answer or refused the key. %1 products wait and are sent automatically; the latest errors are listed below.","Rien n’a pu être envoyé pour le moment : AskMerra a demandé d’attendre, n’a pas répondu ou a refusé la clé. Produits en attente, envoyés automatiquement : %1 ; les dernières erreurs sont listées ci-dessous."
"Nothing was removed: AskMerra removes products only with the secret key. Enter it for this store view under Stores > Configuration > AskMerra (AskMerra can stay turned off), then try again.","Rien n’a été retiré : AskMerra retire les produits uniquement avec la clé secrète. Saisissez-la pour cette vue magasin dans Magasins > Configuration > AskMerra (AskMerra peut rester désactivé), puis réessayez."
"Off","Désactivé"
"Off by default so shoppers are not distracted while paying. The order success page always loads the widget when orders are reported.","Désactivé par défaut pour ne pas distraire les clients pendant le paiement. La page de confirmation de commande charge toujours le widget lorsque les commandes sont transmises."
"On product pages the assistant knows which product the shopper is looking at (""Is this good for dry skin?"").","Sur les pages produit, l’assistant sait quel produit le client consulte (« Est-ce adapté aux peaux sèches ? »)."
"On the order success page, so AskMerra can show the sales the assistant helped with. No name, e-mail or address is sent - only the order number, total and products.","Sur la page de confirmation de commande, pour qu’AskMerra puisse afficher les ventes auxquelles l’assistant a contribué. Le nom, l’e-mail et l’adresse ne sont pas envoyés - uniquement le numéro de commande, le total et les produits."
"Once a day","Une fois par jour"
"Only changed products are rebuilt; the file itself is rewritten from them in seconds, and only when something changed. Keep it at least as often as AskMerra downloads it (every 1 to 6 hours, depending on the plan).","Seuls les produits modifiés sont reconstruits ; le fichier lui-même est réécrit à partir d’eux en quelques secondes, et seulement si quelque chose a changé. Choisissez une fréquence au moins égale à celle à laquelle AskMerra le télécharge (toutes les 1 à 6 heures, selon le forfait)."
"Only products whose content changed are rebuilt and sent. Changes are picked up within about a minute by Magento cron; every day missing products are added and products that left the catalog are removed.","Seuls les produits dont le contenu a changé sont reconstruits et envoyés. Le cron de Magento prend en compte les modifications en une minute environ ; chaque jour, les produits manquants sont ajoutés et ceux sortis du catalogue sont retirés."
"Only what changed is rebuilt and sent: product, price and stock changes - also those made by imports and ERP integrations - are picked up within about a minute (Magento cron and the <em>AskMerra product sync</em> indexer on <em>Update by Schedule</em>, set on install). Every day the module also adds products that are missing in AskMerra and removes the ones that left the catalog. Large catalogs are fine: 50,000 products are not rebuilt unless they change.","Seul ce qui a changé est reconstruit et envoyé : les modifications de produits, de prix et de stock - y compris celles effectuées par des imports et des intégrations ERP - sont prises en compte en une minute environ (cron de Magento et indexeur <em>Synchronisation des produits AskMerra</em> en mode <em>Mise à jour périodique</em>, défini à l’installation). Chaque jour, le module ajoute aussi les produits manquants dans AskMerra et retire ceux qui sont sortis du catalogue. Les grands catalogues ne posent aucun problème : 50 000 produits ne sont pas reconstruits tant qu’ils ne changent pas."
"Only when started by hand","Uniquement sur lancement manuel"
"Open on page load","Ouvrir au chargement de la page"
"Open the sync status: errors, full rebuild, payload preview","Ouvrir l’état de la synchronisation : erreurs, reconstruction complète, aperçu du payload"
"Orders are reported only with the shopper's analytics consent. <strong>Automatic</strong>: read from Google Consent Mode / Google Tag Manager. <strong>Magento cookie notice</strong>: when the shopper accepts Magento's cookie notice. <strong>Not needed</strong>: no consent banner is required on this site. <strong>Manual</strong>: your cookie banner calls <code>AskMerra.setConsent({analytics: true})</code>.","Les commandes ne sont transmises qu’avec le consentement du client aux statistiques. <strong>Automatique</strong> : lu depuis Google Consent Mode / Google Tag Manager. <strong>Avis sur les cookies de Magento</strong> : lorsque le client accepte l’avis sur les cookies de Magento. <strong>Non nécessaire</strong> : aucune bannière de consentement n’est requise sur ce site. <strong>Manuel</strong> : votre bannière de cookies appelle <code>AskMerra.setConsent({analytics: true})</code>."
"Position","Position"
"Preview","Prévisualiser"
"Preview a product","Aperçu d’un produit"
"Product","Produit"
"Product %1 as AskMerra receives it:","Produit %1 tel qu’AskMerra le reçoit :"
"Product %1 has the same SKU as product %2 (%3); AskMerra needs unique product identifiers.","Le produit %1 a le même SKU que le produit %2 (%3) ; AskMerra a besoin d’identifiants de produit uniques."
"Product %1 is not sent to AskMerra in this store view.","Le produit %1 n’est pas envoyé à AskMerra dans cette vue magasin."
"Product %1 was processed. Preview it again to see the result.","Le produit %1 a été traité. Affichez de nouveau son aperçu pour voir le résultat."
"Product ID (recommended)","ID du produit (recommandé)"
"Product ID or SKU","ID du produit ou SKU"
"Product attributes to include","Attributs produit à inclure"
"Product feed","Flux de produits"
"Product feed - AskMerra downloads a file","Flux de produits - AskMerra télécharge un fichier"
"Product identifier","Identifiant du produit"
"Product types","Types de produits"
"Product visibility","Visibilité du produit"
"Products in AskMerra","Produits dans AskMerra"
"Products per request","Produits par requête"
"Published %1 (%2 KB).","Publié le %1 (%2 Ko)."
"Push API","Push API"
"Push API - changes within a minute (recommended)","Push API - modifications en une minute (recommandé)"
"Push API, 1 to 500. Lower it if products have very long descriptions.","Push API, de 1 à 500. Réduisez cette valeur si les produits ont des descriptions très longues."
"Queues changed products for AskMerra. Keep it on ""Update by Schedule""; a full reindex rebuilds every product (only changed ones are sent).","Met en file d’attente les produits modifiés pour AskMerra. Laissez-le sur « Mise à jour périodique » ; une réindexation complète reconstruit tous les produits (seuls ceux modifiés sont envoyés)."
"Rebuild every product of this store view? Only products whose content changed are sent.","Reconstruire tous les produits de cette vue magasin ? Seuls les produits dont le contenu a changé sont envoyés."
"Recommended: the assistant then knows the product and can say it is out of stock - it never recommends it. With No, products leave AskMerra while out of stock.","Recommandé : l’assistant connaît alors le produit et peut indiquer qu’il est en rupture de stock - il ne le recommande jamais. Avec « Non », les produits quittent AskMerra tant qu’ils sont en rupture de stock."
"Regenerate the feed","Régénérer le flux"
"Remove every product of this store view from AskMerra? The assistant stops recommending them. A feed source must also be deleted in the AskMerra dashboard.","Retirer d’AskMerra tous les produits de cette vue magasin ? L’assistant cesse de les recommander. Une source de flux doit aussi être supprimée dans le tableau de bord AskMerra."
"Remove its products from AskMerra","Retirer ses produits d’AskMerra"
"Report orders to AskMerra","Transmettre les commandes à AskMerra"
"Request timeout (seconds)","Délai d’expiration des requêtes (secondes)"
"Retry failed products","Relancer les produits en échec"
"Romanian","Roumain"
"Run the daily check now","Lancer la vérification quotidienne maintenant"
"SKU","SKU"
"Save the settings to start using this key.","Enregistrez les paramètres pour commencer à utiliser cette clé."
"Search","Recherche"
"Secret key","Clé secrète"
"Send changes now","Envoyer les modifications maintenant"
"Send stock quantity","Envoyer la quantité en stock"
"Send this product now","Envoyer ce produit maintenant"
"Send to AskMerra now","Envoyer à AskMerra maintenant"
"Sent as plain text (HTML, Page Builder styles and widget codes are removed), up to 20,000 characters.","Envoyée en texte brut (le HTML, les styles Page Builder et les codes de widgets sont supprimés), jusqu’à 20 000 caractères."
"Sent or updated: %1, unchanged: %2, removed: %3, failed: %4.","Envoyés ou mis à jour : %1, inchangés : %2, retirés : %3, en échec : %4."
"Server time. Adds missing products, removes products that left the catalog, picks up special prices that start or end today.","Heure du serveur. Ajoute les produits manquants, retire ceux qui sont sortis du catalogue et prend en compte les prix spéciaux qui commencent ou se terminent aujourd’hui."
"Settings","Paramètres"
"Settings of this store view","Paramètres de cette vue magasin"
"Short description","Description courte"
"Short description, then description","Description courte, puis description"
"Show on the checkout page","Afficher sur la page de paiement"
"Show the chat widget","Afficher le widget de chat"
"Simple products go straight into the Magento cart and the mini cart refreshes; products with options (sizes, colours...) open their page. Also turn on ""Show add to cart"" in the AskMerra widget designer.","Les produits simples vont directement dans le panier Magento et le mini-panier s’actualise ; les produits avec options (tailles, couleurs...) ouvrent leur page. Activez aussi « Afficher le bouton “Ajouter au panier” » dans l’éditeur de widget AskMerra."
"Site key","Clé de site"
"Site key set. In the AskMerra dashboard, allow the domain %1 for the widget (Install, Allowed domains), or the chat stays hidden.","Clé de site définie. Dans le tableau de bord AskMerra, autorisez le domaine %1 pour le widget (Installation, Domaines autorisés), sinon le chat reste masqué."
"Spanish","Espagnol"
"Starts with <code>pk_live_</code>. The public key of the chat widget. Add this store's domain to the allowed domains of your AskMerra shop.","Commence par <code>pk_live_</code>. La clé publique du widget de chat. Ajoutez le domaine de ce magasin aux domaines autorisés de votre boutique AskMerra."
"Starts with <code>sk_live_</code>. Used only by the server to send your catalog; it is stored encrypted and never reaches the storefront.","Commence par <code>sk_live_</code>. Utilisée uniquement par le serveur pour envoyer votre catalogue ; elle est stockée chiffrée et n’atteint jamais la vitrine."
"Stay on the page (mini cart refreshes)","Rester sur la page (le mini-panier s’actualise)"
"Store view ""%1"" has a language AskMerra does not serve: choose one under AskMerra > Connection > Language.","La vue magasin « %1 » a une langue qu’AskMerra ne prend pas en charge : choisissez-en une sous AskMerra > Connexion > Langue."
"Store views %1 send the same language to the same AskMerra shop: each overwrites the other. Give them different languages or different AskMerra shops.","Les vues magasin %1 envoient la même langue à la même boutique AskMerra : chacune écrase l’autre. Attribuez-leur des langues différentes ou des boutiques AskMerra différentes."
"Storefront widget","Widget en vitrine"
"Sync","Synchronisation"
"Sync status","État de la synchronisation"
"Sync status and actions","État de la synchronisation et actions"
"The ""AskMerra product sync"" indexer is missing: run bin/magento setup:upgrade.","L’indexeur « Synchronisation des produits AskMerra » est absent : exécutez bin/magento setup:upgrade."
"The ""AskMerra product sync"" indexer is on ""Update on Save"": changes made by imports or ERP integrations are missed. Set it to ""Update by Schedule"" (System > Index Management).","L’indexeur « Synchronisation des produits AskMerra » est en mode « Mise à jour à la sauvegarde » : les modifications effectuées par des imports ou des intégrations ERP ne sont pas prises en compte. Passez-le en « Mise à jour périodique » (Système > Gestion de l’index)."
"The <code>src</code> of the snippet in the AskMerra dashboard (Install); the snippet's other value is the site key above. The script is added to the <code>&lt;head&gt;</code> of every page - Luma, Hyvä and ScandiPWA alike.","La valeur <code>src</code> de l'extrait de code du tableau de bord AskMerra (Installation) ; l'autre valeur de l'extrait est la clé de site ci-dessus. Le script est ajouté au <code>&lt;head&gt;</code> de chaque page - de la même manière avec Luma, Hyvä et ScandiPWA."
"The AI shopping assistant will not know or recommend this product.","L'assistant d'achat IA ne connaîtra pas ce produit et ne le recommandera pas."
"The API URL must start with https://.","L’URL de l’API doit commencer par https://."
"The action failed: %1","L’action a échoué : %1"
"The catalog is being prepared (%1 products to go); the feed is published once all of it is ready.","Le catalogue est en préparation (encore %1 produits) ; le flux est publié dès qu’il est entièrement prêt."
"The check could not run. Reload the page and try again.","La vérification n’a pas pu s’exécuter. Rechargez la page et réessayez."
"The details the assistant can use to answer and filter: e.g. skin type, ingredients, colour, size, material. Sent with their store view labels. Select several with Ctrl/Cmd. Avoid stock, prices and dates - they are sent separately.","Les détails que l’assistant peut utiliser pour répondre et filtrer : p. ex. type de peau, ingrédients, couleur, taille, matière. Envoyés avec leurs libellés de la vue magasin. Sélectionnez-en plusieurs avec Ctrl/Cmd. Évitez le stock, les prix et les dates - ils sont envoyés séparément."
"The feed URLs hold a secret part so only AskMerra can find them. If a URL was shared by mistake, give every feed a new one - then update the feed sources in the AskMerra dashboard.","Les URL des flux contiennent une partie secrète afin que seul AskMerra puisse les trouver. Si une URL a été partagée par erreur, attribuez une nouvelle URL à chaque flux - puis mettez à jour les sources de flux dans le tableau de bord AskMerra."
"The feed was written: %1 products.","Le flux a été généré : %1 produits."
"The feeds have new URLs. Update the feed sources in the AskMerra dashboard.","Les flux ont de nouvelles URL. Mettez à jour les sources de flux dans le tableau de bord AskMerra."
"The language this store view's products are sent in and the assistant answers in. Automatic uses the store view's locale (Stores > Configuration > General > Locale Options) when AskMerra supports it.","La langue dans laquelle les produits de cette vue magasin sont envoyés et dans laquelle l’assistant répond. Automatique utilise les paramètres régionaux de la vue magasin (Magasins > Configuration > Général > Options de localisation) lorsqu’AskMerra les prend en charge."
"The main image comes first; the chat shows it on the product card.","L’image principale vient en premier ; le chat l’affiche sur la carte produit."
"The product could not be added to your cart. Please try again.","Le produit n’a pas pu être ajouté à votre panier. Veuillez réessayer."
"The product is too large to send to AskMerra; shorten its description or attributes. %1","Le produit est trop volumineux pour être envoyé à AskMerra ; raccourcissez sa description ou ses attributs. %1"
"The secret key field holds the site key (pk_...). The secret key starts with sk_live_.","Le champ de la clé secrète contient la clé de site (pk_...). La clé secrète commence par sk_live_."
"The site key field holds the secret key - remove it from there at once: the site key is public. The site key starts with pk_live_.","Le champ de la clé de site contient la clé secrète - retirez-la immédiatement de ce champ : la clé de site est publique. La clé de site commence par pk_live_."
"The site key usually starts with pk_live_. Check that it was copied whole.","La clé de site commence généralement par pk_live_. Vérifiez qu’elle a été copiée en entier."
"This product is no longer available.","Ce produit n’est plus disponible."
"This store view does not send its catalog as a feed.","Cette vue magasin n’envoie pas son catalogue sous forme de flux."
"This store view no longer syncs, but AskMerra still has %1 of its products.","Cette vue magasin n’est plus synchronisée, mais AskMerra contient encore %1 de ses produits."
"Turn AskMerra off for this store view first: otherwise its products are sent again at the next daily check.","Désactivez d’abord AskMerra pour cette vue magasin : sinon ses produits seront de nouveau envoyés lors de la prochaine vérification quotidienne."
"Unknown action.","Action inconnue."
"Used by the store views whose catalog is sent as a feed. Each store view has its own feed URL.","Utilisé par les vues magasin dont le catalogue est envoyé sous forme de flux. Chaque vue magasin a sa propre URL de flux."
"View cart","Voir le panier"
"Waiting to be sent","En attente d’envoi"
"What AskMerra learns about your products. Saving changes here sends the whole catalog again. <strong>Note:</strong> AskMerra re-reads a product with AI (billed as usage) when its name, description, categories, brand or attributes change - pick attributes that describe the product, not ones that change every day.","Ce qu’AskMerra apprend sur vos produits. Enregistrer des modifications ici renvoie l’intégralité du catalogue. <strong>Remarque :</strong> AskMerra relit un produit avec l’IA (facturation à l’usage) lorsque son nom, sa description, ses catégories, sa marque ou ses attributs changent - choisissez des attributs qui décrivent le produit, pas des attributs qui changent tous les jours."
"Widget script URL","URL du script du widget"
"Write the feed now","Générer le flux maintenant"
"Writes every request and response to var/log/askmerra.log. Errors are always logged.","Écrit chaque requête et réponse dans var/log/askmerra.log. Les erreurs sont toujours journalisées."
"Your session has expired. Please refresh the page.","Votre session a expiré. Veuillez actualiser la page."
"never","jamais"
"none: retry, or change the product","aucune : relancez ou modifiez le produit"
"products changed since; rewritten at the next scheduled run","produits modifiés depuis ; réécrit lors de la prochaine exécution planifiée"
"shop default","par défaut de la boutique"
