"""Hide from AskMerra"" is set on the product.","Sul prodotto è attivo “Nascondi da AskMerra”."
"%1 failed products are tried again.","Nuovo tentativo per %1 prodotti non riusciti."
"%1 products are still waiting; cron continues with them.","%1 prodotti sono ancora in attesa; il cron continua a elaborarli."
"%1 products queued for the rebuild. Cron sends those whose content changed within the next minutes.","%1 prodotti messi in coda per la ricostruzione. Nei prossimi minuti il cron invia quelli il cui contenuto è cambiato."
"%1 products sent, %2 waiting, %3 failed.","%1 prodotti inviati, %2 in attesa, %3 non riusciti."
"%1 products were queued for AskMerra; they are sent within a minute (only those whose content changed).","%1 prodotti sono stati messi in coda per AskMerra; vengono inviati entro un minuto (solo quelli il cui contenuto è cambiato)."
"%1 products were removed from AskMerra.","%1 prodotti sono stati rimossi da AskMerra."
"%1 was added to your cart.","Il prodotto %1 è stato aggiunto al carrello."
"%1, %2 KB, %3","%1, %2 KB, %3"
"-- No brand --","-- Nessuna marca --"
"<strong>JSON</strong> carries every selected attribute. <strong>Google Shopping XML</strong> can also be used for Google Merchant Center, but only keeps standard attributes (colour, size, material, gender, GTIN, EAN, skin type, ingredients, volume, weight...).","<strong>JSON</strong> include tutti gli attributi selezionati. <strong>Google Shopping XML</strong> può essere usato anche per Google Merchant Center, ma conserva solo gli attributi standard (colore, taglia, materiale, genere, GTIN, EAN, tipo di pelle, ingredienti, volume, peso...)."
"<strong>Push API</strong> sends changes within about a minute and removes deleted products. <strong>Feed</strong> publishes a file that AskMerra downloads every 1 to 6 hours (depending on your plan) - add its URL in the AskMerra dashboard, under Catalog > Add source > Feed URL.","<strong>Push API</strong> invia le modifiche in circa un minuto e rimuove i prodotti eliminati. <strong>Feed</strong> pubblica un file che AskMerra scarica ogni 1-6 ore (a seconda del piano) - aggiungerne l’URL nella dashboard di AskMerra, in Catalogo > Aggiungi fonte > URL del feed."
"A safety net: every product is rebuilt and compared - still only changed ones are sent. Runs at the maintenance time, spread over the following minutes.","Una rete di sicurezza: ogni prodotto viene ricostruito e confrontato - vengono comunque inviati solo quelli modificati. Viene eseguita all’orario di manutenzione, distribuita nei minuti successivi."
"AI Shopping Assistant","Assistente AI per lo shopping"
"API URL","URL dell’API"
"Add to cart from the chat","Aggiungi al carrello dalla chat"
"Advanced","Avanzate"
"After adding to cart","Dopo l’aggiunta al carrello"
"Analytics consent","Consenso all’analisi"
"As set in the AskMerra designer","Come impostato nel designer di AskMerra"
"AskMerra","AskMerra"
"AskMerra could not be reached: %1","Impossibile raggiungere AskMerra: %1"
"AskMerra does not accept the catalog of %1: the secret key was refused or the AskMerra shop is suspended. Changes are kept and sent once fixed. <a href=""%2"">See the sync status</a>.","AskMerra non accetta il catalogo di %1: la chiave segreta è stata rifiutata oppure il negozio AskMerra è sospeso. Le modifiche vengono conservate e inviate una volta risolto il problema. <a href=""%2"">Visualizza lo stato della sincronizzazione</a>."
"AskMerra does not sync any store view yet. Check its settings.","AskMerra non sincronizza ancora nessuna vista negozio. Controllare le relative impostazioni."
"AskMerra does not sync this store view. Check its settings.","AskMerra non sincronizza questa vista negozio. Controllare le relative impostazioni."
"AskMerra has an older version; the change is sent by the queue.","AskMerra ha una versione precedente; la modifica viene inviata tramite la coda."
"AskMerra has this version.","AskMerra ha questa versione."
"AskMerra product sync","Sincronizzazione prodotti AskMerra"
"AskMerra refused the secret key (%1). Check that it is copied whole, not revoked, and that the AskMerra shop is active.","AskMerra ha rifiutato la chiave segreta (%1). Verificare che sia stata copiata per intero, che non sia stata revocata e che il negozio AskMerra sia attivo."
"AskMerra refuses this store view's key since %1: %2","AskMerra rifiuta la chiave di questa vista negozio dal %1: %2"
"AskMerra rejected the product: %1","AskMerra ha rifiutato il prodotto: %1"
"AskMerra sync status","Stato della sincronizzazione AskMerra"
"AskMerra: %1","AskMerra: %1"
"AskMerra: the catalog of %1 store view(s) is being rebuilt; only products whose content changed are sent. Follow it under Marketing > AskMerra > Sync status.","AskMerra: è in corso la ricostruzione del catalogo di %1 vista/e negozio; vengono inviati solo i prodotti il cui contenuto è cambiato. È possibile seguirla in Marketing > AskMerra > Stato della sincronizzazione."
"Attempts","Tentativi"
"Automatic (Google Consent Mode / Tag Manager)","Automatico (Google Consent Mode / Tag Manager)"
"Automatic (from the store view locale)","Automatica (dalla localizzazione della vista negozio)"
"Being prepared: %1 products to go. The URL works once the whole catalog is ready.","In preparazione: mancano %1 prodotti. L’URL funziona quando l’intero catalogo è pronto."
"Being prepared: it is published once the whole catalog is ready (%1 products to go).","In preparazione: viene pubblicato quando l’intero catalogo è pronto (mancano %1 prodotti)."
"Bottom left","In basso a sinistra"
"Bottom right","In basso a destra"
"Brand attribute","Attributo marca"
"Catalog","Catalogo"
"Catalog, Search","Catalogo, ricerca"
"Category IDs, separated by commas; their subcategories are excluded too. To leave out single products, set <strong>Hide from AskMerra</strong> on the product (AskMerra tab).","ID delle categorie, separati da virgole; vengono escluse anche le relative sottocategorie. Per escludere singoli prodotti, attivare <strong>Nascondi da AskMerra</strong> sul prodotto (scheda AskMerra)."
"Change only for an AskMerra test environment.","Modificare solo per un ambiente di test di AskMerra."
"Check connection","Verifica connessione"
"Checking...","Verifica in corso..."
"Checks the keys as typed, before saving.","Verifica le chiavi così come sono state digitate, prima del salvataggio."
"Connected to the AskMerra shop ""%1"".","Connesso al negozio AskMerra “%1”."
"Connection","Connessione"
"Create the keys in your AskMerra dashboard, under <strong>API keys</strong>. One AskMerra shop has one currency: a store view in another currency (or another brand) connects to its own AskMerra shop - switch the scope to that store view and enter its keys there.","Creare le chiavi nella dashboard di AskMerra, in <strong>Chiavi API</strong>. Un negozio AskMerra ha una sola valuta: una vista negozio in un’altra valuta (o di un altro marchio) si collega a un proprio negozio AskMerra - impostare l’ambito su quella vista negozio e inserirvi le sue chiavi."
"Cron is sending the queue right now. Check again in a minute.","Il cron sta inviando la coda proprio ora. Ricontrollare tra un minuto."
"Daily check","Controllo giornaliero"
"Daily check done: %1 missing products and %2 products that left the catalog were queued, %3 with special prices starting or ending today.","Controllo giornaliero completato: messi in coda %1 prodotti mancanti e %2 prodotti usciti dal catalogo, %3 con prezzi speciali che iniziano o terminano oggi."
"Daily maintenance at","Manutenzione giornaliera alle"
"Debug log","Log di debug"
"Description","Descrizione"
"Desktop only.","Solo su desktop."
"Enable AskMerra","Attiva AskMerra"
"English","Inglese"
"Enter the secret key (sk_live_...) from your AskMerra dashboard, API keys.","Inserire la chiave segreta (sk_live_...) che si trova nella dashboard di AskMerra, in Chiavi API."
"Error","Errore"
"Every 12 hours","Ogni 12 ore"
"Every 3 hours","Ogni 3 ore"
"Every 6 hours","Ogni 6 ore"
"Every 8 hours","Ogni 8 ore"
"Every day","Ogni giorno"
"Every feed gets a new URL and the old ones stop working. Update the feed sources in AskMerra afterwards. Continue?","Ogni feed riceve un nuovo URL e quelli vecchi smettono di funzionare. Successivamente aggiornare le fonti dei feed in AskMerra. Continuare?"
"Every hour","Ogni ora"
"Every month, on the 1st","Ogni mese, il giorno 1"
"Every week, on Sunday (recommended)","Ogni settimana, la domenica (consigliato)"
"Exclude categories","Escludi categorie"
"Failed","Non riusciti"
"Feed URL","URL del feed"
"Feed URL for AskMerra (Catalog, Add source, Feed URL): %1","URL del feed per AskMerra (Catalogo, Aggiungi fonte, URL del feed): %1"
"Feed URLs","URL dei feed"
"Feed file","File del feed"
"For configurable products: the sizes, colours... a shopper can choose are sent as attributes of the product. The product itself is sent once, not once per variant.","Per i prodotti configurabili: le taglie, i colori... che un cliente può scegliere vengono inviati come attributi del prodotto. Il prodotto viene inviato una sola volta, non una volta per ogni variante."
"Format","Formato"
"French","Francese"
"Full rebuild","Ricostruzione completa"
"Generate now or change the secret part on the Sync status page.","Generare ora o modificare la parte segreta nella pagina Stato della sincronizzazione."
"German","Tedesco"
"Give the feeds new URLs","Assegna nuovi URL ai feed"
"Go to the cart page","Vai alla pagina del carrello"
"Google Shopping XML","Google Shopping XML"
"Hide from AskMerra","Nascondi da AskMerra"
"Hide until it happens again","Nascondi finché non si ripresenta"
"How AskMerra gets the catalog","Come AskMerra riceve il catalogo"
"How products are matched between Magento and AskMerra. Product ID never changes; choose SKU only if your other AskMerra data already uses SKUs. Changing it later replaces the whole catalog in AskMerra.","Come vengono abbinati i prodotti tra Magento e AskMerra. L’ID prodotto non cambia mai; scegliere SKU solo se gli altri dati in AskMerra usano già gli SKU. Modificarlo in seguito sostituisce l’intero catalogo in AskMerra."
"Images per product","Immagini per prodotto"
"In the AskMerra dashboard: Catalog, Add source, Feed URL. The URL holds a secret part - share it only with AskMerra.","Nella dashboard di AskMerra: Catalogo, Aggiungi fonte, URL del feed. L’URL contiene una parte segreta - condividerlo solo con AskMerra."
"Include out-of-stock products","Includi prodotti esauriti"
"Include variant options","Includi opzioni delle varianti"
"It has no name in this store view.","Non ha un nome in questa vista negozio."
"It is in an excluded category.","Si trova in una categoria esclusa."
"It is out of stock, and out-of-stock products are not sent.","È esaurito e i prodotti esauriti non vengono inviati."
"It is still in AskMerra and is removed by the queue.","È ancora presente in AskMerra e viene rimosso tramite la coda."
"Italian","Italiano"
"JSON - all attributes (recommended)","JSON - tutti gli attributi (consigliato)"
"Know the product being viewed","Riconosci il prodotto visualizzato"
"Language","Lingua"
"Language / currency","Lingua / valuta"
"Last product sent","Ultimo prodotto inviato"
"Latest errors","Ultimi errori"
"Look, greeting, colours and where the chat shows are set in the AskMerra widget designer. Headless storefronts (PWA Studio, ScandiPWA...) read these settings with the GraphQL query <code>askMerraWidgetConfig</code> - see the module README.","L’aspetto, il saluto, i colori e dove appare la chat si impostano nel designer del widget di AskMerra. I frontend headless (PWA Studio, ScandiPWA...) leggono queste impostazioni con la query GraphQL <code>askMerraWidgetConfig</code> - vedere il README del modulo."
"Magento cookie notice","Avviso sui cookie di Magento"
"Magento cron has not processed the AskMerra queue in the last 15 minutes. Without cron nothing is sent: check that bin/magento cron:run runs every minute.","Il cron di Magento non ha elaborato la coda di AskMerra negli ultimi 15 minuti. Senza cron non viene inviato nulla: verificare che bin/magento cron:run venga eseguito ogni minuto."
"Manual (set by my cookie banner)","Manuale (impostato dal mio banner dei cookie)"
"Next attempt","Prossimo tentativo"
"No product with the ID or SKU ""%1"".","Nessun prodotto con ID o SKU “%1”."
"No secret key: not needed with a product feed - AskMerra downloads the feed URL shown under Product feed.","Nessuna chiave segreta: non serve con un feed prodotti - AskMerra scarica l’URL del feed indicato nella sezione Feed prodotti."
"No site key: the chat widget will not show on the storefront.","Nessuna chiave del sito: il widget della chat non verrà mostrato nel frontend."
"No store view in this scope sends its catalog as a feed. Set ""How AskMerra gets the catalog"" to ""Product feed"" and save.","Nessuna vista negozio in questo ambito invia il proprio catalogo come feed. Impostare “Come AskMerra riceve il catalogo” su “Feed prodotti” e salvare."
"Not in AskMerra yet.","Non ancora presente in AskMerra."
"Not needed on this site","Non necessario su questo sito"
"Not offered in this store view: deleted, disabled, not visible, not in its website or of a product type that is not sent.","Non offerto in questa vista negozio: eliminato, disabilitato, non visibile, non assegnato al relativo sito web o di un tipo di prodotto che non viene inviato."
"Not syncing: no secret key","Nessuna sincronizzazione: manca la chiave segreta"
"Not written yet.","Non ancora generato."
"Not written yet: it is written at the next scheduled run.","Non ancora generato: verrà generato alla prossima esecuzione pianificata."
"Nothing could be sent right now: AskMerra asked to wait, did not answer or refused the key. %1 products wait and are sent automatically; the latest errors are listed below.","Al momento non è stato possibile inviare nulla: AskMerra ha chiesto di attendere, non ha risposto o ha rifiutato la chiave. Prodotti in attesa, inviati automaticamente: %1; gli ultimi errori sono elencati sotto."
"Nothing was removed: AskMerra removes products only with the secret key. Enter it for this store view under Stores > Configuration > AskMerra (AskMerra can stay turned off), then try again.","Non è stato rimosso nulla: AskMerra rimuove i prodotti solo con la chiave segreta. Inserirla per questa vista negozio in Negozi > Configurazione > AskMerra (AskMerra può restare disattivato), poi riprovare."
"Off","Disattivato"
"Off by default so shoppers are not distracted while paying. The order success page always loads the widget when orders are reported.","Disattivato per impostazione predefinita, per non distrarre i clienti durante il pagamento. La pagina di conferma dell’ordine carica sempre il widget quando gli ordini vengono comunicati."
"On product pages the assistant knows which product the shopper is looking at (""Is this good for dry skin?"").","Nelle pagine prodotto l’assistente sa quale prodotto sta guardando il cliente (“Va bene per la pelle secca?”)."
"On the order success page, so AskMerra can show the sales the assistant helped with. No name, e-mail or address is sent - only the order number, total and products.","Nella pagina di conferma dell’ordine, così AskMerra può mostrare le vendite a cui ha contribuito l’assistente. Non vengono inviati nome, e-mail o indirizzo - solo numero d’ordine, totale e prodotti."
"Once a day","Una volta al giorno"
"Only changed products are rebuilt; the file itself is rewritten from them in seconds, and only when something changed. Keep it at least as often as AskMerra downloads it (every 1 to 6 hours, depending on the plan).","Vengono ricostruiti solo i prodotti modificati; il file stesso viene riscritto a partire da essi in pochi secondi, e solo se qualcosa è cambiato. Mantenere una frequenza almeno pari a quella con cui AskMerra lo scarica (ogni 1-6 ore, a seconda del piano)."
"Only products whose content changed are rebuilt and sent. Changes are picked up within about a minute by Magento cron; every day missing products are added and products that left the catalog are removed.","Vengono ricostruiti e inviati solo i prodotti il cui contenuto è cambiato. Il cron di Magento rileva le modifiche in circa un minuto; ogni giorno vengono aggiunti i prodotti mancanti e rimossi quelli usciti dal catalogo."
"Only what changed is rebuilt and sent: product, price and stock changes - also those made by imports and ERP integrations - are picked up within about a minute (Magento cron and the <em>AskMerra product sync</em> indexer on <em>Update by Schedule</em>, set on install). Every day the module also adds products that are missing in AskMerra and removes the ones that left the catalog. Large catalogs are fine: 50,000 products are not rebuilt unless they change.","Viene ricostruito e inviato solo ciò che è cambiato: le modifiche a prodotti, prezzi e scorte - anche quelle effettuate da importazioni e integrazioni ERP - vengono rilevate in circa un minuto (cron di Magento e indicizzatore <em>Sincronizzazione prodotti AskMerra</em> su <em>Aggiorna da pianificazione</em>, impostato durante l’installazione). Ogni giorno il modulo aggiunge inoltre i prodotti mancanti in AskMerra e rimuove quelli usciti dal catalogo. I cataloghi di grandi dimensioni non sono un problema: 50.000 prodotti non vengono ricostruiti se non cambiano."
"Only when started by hand","Solo con avvio manuale"
"Open on page load","Apri al caricamento della pagina"
"Open the sync status: errors, full rebuild, payload preview","Apri lo stato della sincronizzazione: errori, ricostruzione completa, anteprima del payload"
"Orders are reported only with the shopper's analytics consent. <strong>Automatic</strong>: read from Google Consent Mode / Google Tag Manager. <strong>Magento cookie notice</strong>: when the shopper accepts Magento's cookie notice. <strong>Not needed</strong>: no consent banner is required on this site. <strong>Manual</strong>: your cookie banner calls <code>AskMerra.setConsent({analytics: true})</code>.","Gli ordini vengono comunicati solo con il consenso all’analisi del cliente. <strong>Automatico</strong>: letto da Google Consent Mode / Google Tag Manager. <strong>Avviso sui cookie di Magento</strong>: quando il cliente accetta l’avviso sui cookie di Magento. <strong>Non necessario</strong>: su questo sito non è richiesto alcun banner di consenso. <strong>Manuale</strong>: il banner dei cookie del sito chiama <code>AskMerra.setConsent({analytics: true})</code>."
"Position","Posizione"
"Preview","Anteprima"
"Preview a product","Anteprima di un prodotto"
"Product","Prodotto"
"Product %1 as AskMerra receives it:","Prodotto %1 come lo riceve AskMerra:"
"Product %1 has the same SKU as product %2 (%3); AskMerra needs unique product identifiers.","Il prodotto %1 ha lo stesso SKU del prodotto %2 (%3); AskMerra richiede identificatori di prodotto univoci."
"Product %1 is not sent to AskMerra in this store view.","Il prodotto %1 non viene inviato ad AskMerra in questa vista negozio."
"Product %1 was processed. Preview it again to see the result.","Il prodotto %1 è stato elaborato. Visualizzarne di nuovo l’anteprima per vedere il risultato."
"Product ID (recommended)","ID prodotto (consigliato)"
"Product ID or SKU","ID prodotto o SKU"
"Product attributes to include","Attributi del prodotto da includere"
"Product feed","Feed prodotti"
"Product feed - AskMerra downloads a file","Feed prodotti - AskMerra scarica un file"
"Product identifier","Identificativo del prodotto"
"Product types","Tipi di prodotto"
"Product visibility","Visibilità del prodotto"
"Products in AskMerra","Prodotti in AskMerra"
"Products per request","Prodotti per richiesta"
"Published %1 (%2 KB).","Pubblicato il %1 (%2 KB)."
"Push API","Push API"
"Push API - changes within a minute (recommended)","Push API - modifiche entro un minuto (consigliato)"
"Push API, 1 to 500. Lower it if products have very long descriptions.","Push API, da 1 a 500. Ridurre il valore se i prodotti hanno descrizioni molto lunghe."
"Queues changed products for AskMerra. Keep it on ""Update by Schedule""; a full reindex rebuilds every product (only changed ones are sent).","Mette in coda per AskMerra i prodotti modificati. Mantenerlo su “Aggiorna da pianificazione”; una reindicizzazione completa ricostruisce tutti i prodotti (vengono inviati solo quelli modificati)."
"Rebuild every product of this store view? Only products whose content changed are sent.","Ricostruire tutti i prodotti di questa vista negozio? Vengono inviati solo i prodotti il cui contenuto è cambiato."
"Recommended: the assistant then knows the product and can say it is out of stock - it never recommends it. With No, products leave AskMerra while out of stock.","Consigliato: in questo modo l’assistente conosce il prodotto e può dire che è esaurito - non lo consiglia mai. Con “No”, i prodotti escono da AskMerra finché restano esauriti."
"Regenerate the feed","Rigenera il feed"
"Remove every product of this store view from AskMerra? The assistant stops recommending them. A feed source must also be deleted in the AskMerra dashboard.","Rimuovere da AskMerra tutti i prodotti di questa vista negozio? L’assistente smette di consigliarli. Una fonte del feed deve essere eliminata anche nella dashboard di AskMerra."
"Remove its products from AskMerra","Rimuovi i suoi prodotti da AskMerra"
"Report orders to AskMerra","Comunica gli ordini ad AskMerra"
"Request timeout (seconds)","Timeout della richiesta (secondi)"
"Retry failed products","Riprova i prodotti non riusciti"
"Romanian","Rumeno"
"Run the daily check now","Esegui ora il controllo giornaliero"
"SKU","SKU"
"Save the settings to start using this key.","Salvare le impostazioni per iniziare a usare questa chiave."
"Search","Ricerca"
"Secret key","Chiave segreta"
"Send changes now","Invia ora le modifiche"
"Send stock quantity","Invia la quantità in magazzino"
"Send this product now","Invia ora questo prodotto"
"Send to AskMerra now","Invia ora ad AskMerra"
"Sent as plain text (HTML, Page Builder styles and widget codes are removed), up to 20,000 characters.","Inviata come testo semplice (HTML, stili di Page Builder e codici dei widget vengono rimossi), fino a 20.000 caratteri."
"Sent or updated: %1, unchanged: %2, removed: %3, failed: %4.","Inviati o aggiornati: %1, invariati: %2, rimossi: %3, non riusciti: %4."
"Server time. Adds missing products, removes products that left the catalog, picks up special prices that start or end today.","Ora del server. Aggiunge i prodotti mancanti, rimuove quelli usciti dal catalogo, rileva i prezzi speciali che iniziano o terminano oggi."
"Settings","Impostazioni"
"Settings of this store view","Impostazioni di questa vista negozio"
"Short description","Descrizione breve"
"Short description, then description","Descrizione breve, poi descrizione"
"Show on the checkout page","Mostra nella pagina di checkout"
"Show the chat widget","Mostra il widget della chat"
"Simple products go straight into the Magento cart and the mini cart refreshes; products with options (sizes, colours...) open their page. Also turn on ""Show add to cart"" in the AskMerra widget designer.","I prodotti semplici finiscono direttamente nel carrello di Magento e il mini carrello si aggiorna; i prodotti con opzioni (taglie, colori...) aprono la propria pagina. Attivare anche “Mostra il pulsante ‘Aggiungi al carrello’” nel designer del widget di AskMerra."
"Site key","Chiave del sito"
"Site key set. In the AskMerra dashboard, allow the domain %1 for the widget (Install, Allowed domains), or the chat stays hidden.","Chiave del sito impostata. Nella dashboard di AskMerra, autorizzare il dominio %1 per il widget (Installazione, Domini autorizzati), altrimenti la chat resta nascosta."
"Spanish","Spagnolo"
"Starts with <code>pk_live_</code>. The public key of the chat widget. Add this store's domain to the allowed domains of your AskMerra shop.","Inizia con <code>pk_live_</code>. La chiave pubblica del widget della chat. Aggiungere il dominio di questo negozio ai domini autorizzati del proprio negozio AskMerra."
"Starts with <code>sk_live_</code>. Used only by the server to send your catalog; it is stored encrypted and never reaches the storefront.","Inizia con <code>sk_live_</code>. Usata solo dal server per inviare il catalogo; viene salvata cifrata e non arriva mai al frontend."
"Stay on the page (mini cart refreshes)","Resta sulla pagina (il mini carrello si aggiorna)"
"Store view ""%1"" has a language AskMerra does not serve: choose one under AskMerra > Connection > Language.","La vista negozio “%1” ha una lingua non supportata da AskMerra: sceglierne una in AskMerra > Connessione > Lingua."
"Store views %1 send the same language to the same AskMerra shop: each overwrites the other. Give them different languages or different AskMerra shops.","Le viste negozio %1 inviano la stessa lingua allo stesso negozio AskMerra: ognuna sovrascrive l’altra. Assegnare loro lingue diverse o negozi AskMerra diversi."
"Storefront widget","Widget nel frontend"
"Sync","Sincronizzazione"
"Sync status","Stato della sincronizzazione"
"Sync status and actions","Stato della sincronizzazione e azioni"
"The ""AskMerra product sync"" indexer is missing: run bin/magento setup:upgrade.","Manca l’indicizzatore “Sincronizzazione prodotti AskMerra”: eseguire bin/magento setup:upgrade."
"The ""AskMerra product sync"" indexer is on ""Update on Save"": changes made by imports or ERP integrations are missed. Set it to ""Update by Schedule"" (System > Index Management).","L’indicizzatore “Sincronizzazione prodotti AskMerra” è impostato su “Aggiorna al salvataggio”: le modifiche effettuate da importazioni o integrazioni ERP non vengono rilevate. Impostarlo su “Aggiorna da pianificazione” (Sistema > Gestione indice)."
"The <code>src</code> of the snippet in the AskMerra dashboard (Install); the snippet's other value is the site key above. The script is added to the <code>&lt;head&gt;</code> of every page - Luma, Hyvä and ScandiPWA alike.","Il valore <code>src</code> dello snippet nella dashboard di AskMerra (Installazione); l'altro valore dello snippet è la chiave del sito indicata sopra. Lo script viene aggiunto all'<code>&lt;head&gt;</code> di ogni pagina - allo stesso modo in Luma, Hyvä e ScandiPWA."
"The AI shopping assistant will not know or recommend this product.","L'assistente di shopping AI non conoscerà né consiglierà questo prodotto."
"The API URL must start with https://.","L’URL dell’API deve iniziare con https://."
"The action failed: %1","Azione non riuscita: %1"
"The catalog is being prepared (%1 products to go); the feed is published once all of it is ready.","Il catalogo è in preparazione (mancano %1 prodotti); il feed viene pubblicato quando è tutto pronto."
"The check could not run. Reload the page and try again.","Impossibile eseguire la verifica. Ricaricare la pagina e riprovare."
"The details the assistant can use to answer and filter: e.g. skin type, ingredients, colour, size, material. Sent with their store view labels. Select several with Ctrl/Cmd. Avoid stock, prices and dates - they are sent separately.","I dettagli che l’assistente può usare per rispondere e filtrare: ad es. tipo di pelle, ingredienti, colore, taglia, materiale. Vengono inviati con le etichette della vista negozio. Per selezionarne più di uno usare Ctrl/Cmd. Evitare giacenze, prezzi e date - vengono inviati separatamente."
"The feed URLs hold a secret part so only AskMerra can find them. If a URL was shared by mistake, give every feed a new one - then update the feed sources in the AskMerra dashboard.","Gli URL dei feed contengono una parte segreta, così solo AskMerra può trovarli. Se un URL è stato condiviso per errore, assegnare un nuovo URL a ogni feed - poi aggiornare le fonti dei feed nella dashboard di AskMerra."
"The feed was written: %1 products.","Il feed è stato generato: %1 prodotti."
"The feeds have new URLs. Update the feed sources in the AskMerra dashboard.","I feed hanno nuovi URL. Aggiornare le fonti dei feed nella dashboard di AskMerra."
"The language this store view's products are sent in and the assistant answers in. Automatic uses the store view's locale (Stores > Configuration > General > Locale Options) when AskMerra supports it.","La lingua in cui vengono inviati i prodotti di questa vista negozio e in cui risponde l’assistente. Con Automatica viene usata la localizzazione della vista negozio (Negozi > Configurazione > Generale > Opzioni Localizzazione), se supportata da AskMerra."
"The main image comes first; the chat shows it on the product card.","L’immagine principale è la prima; la chat la mostra nella card del prodotto."
"The product could not be added to your cart. Please try again.","Non è stato possibile aggiungere il prodotto al carrello. Si prega di riprovare."
"The product is too large to send to AskMerra; shorten its description or attributes. %1","Il prodotto è troppo grande per essere inviato ad AskMerra; accorciarne la descrizione o gli attributi. %1"
"The secret key field holds the site key (pk_...). The secret key starts with sk_live_.","Il campo della chiave segreta contiene la chiave del sito (pk_...). La chiave segreta inizia con sk_live_."
"The site key field holds the secret key - remove it from there at once: the site key is public. The site key starts with pk_live_.","Il campo della chiave del sito contiene la chiave segreta - rimuoverla subito da lì: la chiave del sito è pubblica. La chiave del sito inizia con pk_live_."
"The site key usually starts with pk_live_. Check that it was copied whole.","La chiave del sito di solito inizia con pk_live_. Verificare che sia stata copiata per intero."
"This product is no longer available.","Questo prodotto non è più disponibile."
"This store view does not send its catalog as a feed.","Questa vista negozio non invia il proprio catalogo come feed."
"This store view no longer syncs, but AskMerra still has %1 of its products.","Questa vista negozio non è più sincronizzata, ma AskMerra ha ancora %1 dei suoi prodotti."
"Turn AskMerra off for this store view first: otherwise its products are sent again at the next daily check.","Disattivare prima AskMerra per questa vista negozio: altrimenti i suoi prodotti verranno inviati di nuovo al prossimo controllo giornaliero."
"Unknown action.","Azione sconosciuta."
"Used by the store views whose catalog is sent as a feed. Each store view has its own feed URL.","Usato dalle viste negozio il cui catalogo viene inviato come feed. Ogni vista negozio ha il proprio URL del feed."
"View cart","Visualizza carrello"
"Waiting to be sent","In attesa di invio"
"What AskMerra learns about your products. Saving changes here sends the whole catalog again. <strong>Note:</strong> AskMerra re-reads a product with AI (billed as usage) when its name, description, categories, brand or attributes change - pick attributes that describe the product, not ones that change every day.","Ciò che AskMerra apprende sui prodotti. Il salvataggio delle modifiche in questa sezione invia di nuovo l’intero catalogo. <strong>Nota:</strong> AskMerra rilegge un prodotto con l’AI (con addebito a consumo) quando ne cambiano nome, descrizione, categorie, marca o attributi - scegliere attributi che descrivono il prodotto, non quelli che cambiano ogni giorno."
"Widget script URL","URL dello script del widget"
"Write the feed now","Genera ora il feed"
"Writes every request and response to var/log/askmerra.log. Errors are always logged.","Scrive ogni richiesta e risposta in var/log/askmerra.log. Gli errori vengono sempre registrati."
"Your session has expired. Please refresh the page.","La sessione è scaduta. Si prega di aggiornare la pagina."
"never","mai"
"none: retry, or change the product","nessuno: riprovare o modificare il prodotto"
"products changed since; rewritten at the next scheduled run","prodotti modificati da allora; verrà riscritto alla prossima esecuzione pianificata"
"shop default","predefinita del negozio"
