"""Hide from AskMerra"" is set on the product.","Pe produs este setat „Ascunde din AskMerra”."
"%1 failed products are tried again.","%1 produse eșuate sunt încercate din nou."
"%1 products are still waiting; cron continues with them.","%1 produse sunt încă în așteptare; cronul continuă cu ele."
"%1 products queued for the rebuild. Cron sends those whose content changed within the next minutes.","%1 produse au fost puse în coadă pentru reconstruire. În următoarele minute, cronul le trimite pe cele al căror conținut s-a schimbat."
"%1 products sent, %2 waiting, %3 failed.","%1 produse trimise, %2 în așteptare, %3 eșuate."
"%1 products were queued for AskMerra; they are sent within a minute (only those whose content changed).","%1 produse au fost puse în coadă pentru AskMerra; sunt trimise în decurs de un minut (doar cele al căror conținut s-a schimbat)."
"%1 products were removed from AskMerra.","%1 produse au fost eliminate din AskMerra."
"%1 was added to your cart.","%1 a fost adăugat în coș."
"%1, %2 KB, %3","%1, %2 KB, %3"
"-- No brand --","-- Fără brand --"
"<strong>JSON</strong> carries every selected attribute. <strong>Google Shopping XML</strong> can also be used for Google Merchant Center, but only keeps standard attributes (colour, size, material, gender, GTIN, EAN, skin type, ingredients, volume, weight...).","<strong>JSON</strong> include toate atributele selectate. <strong>Google Shopping XML</strong> poate fi folosit și pentru Google Merchant Center, dar păstrează doar atributele standard (culoare, mărime, material, gen, GTIN, EAN, tip de piele, ingrediente, volum, greutate...)."
"<strong>Push API</strong> sends changes within about a minute and removes deleted products. <strong>Feed</strong> publishes a file that AskMerra downloads every 1 to 6 hours (depending on your plan) - add its URL in the AskMerra dashboard, under Catalog > Add source > Feed URL.","<strong>Push API</strong> trimite modificările în aproximativ un minut și elimină produsele șterse. <strong>Feed</strong> publică un fișier pe care AskMerra îl descarcă la intervale de 1 până la 6 ore (în funcție de planul dvs.) - adăugați URL-ul acestuia în panoul AskMerra, la Catalog > Adaugă o sursă > URL feed."
"A safety net: every product is rebuilt and compared - still only changed ones are sent. Runs at the maintenance time, spread over the following minutes.","O plasă de siguranță: fiecare produs este reconstruit și comparat - și totuși sunt trimise doar cele modificate. Rulează la ora mentenanței, eșalonat pe parcursul minutelor următoare."
"AI Shopping Assistant","Asistent AI de cumpărături"
"API URL","URL API"
"Add to cart from the chat","Adăugare în coș din chat"
"Advanced","Avansat"
"After adding to cart","După adăugarea în coș"
"Analytics consent","Consimțământ pentru analiză"
"As set in the AskMerra designer","Conform setării din designerul AskMerra"
"AskMerra","AskMerra"
"AskMerra could not be reached: %1","Nu s-a putut contacta AskMerra: %1"
"AskMerra does not accept the catalog of %1: the secret key was refused or the AskMerra shop is suspended. Changes are kept and sent once fixed. <a href=""%2"">See the sync status</a>.","AskMerra nu acceptă catalogul pentru %1: cheia secretă a fost refuzată sau magazinul AskMerra este suspendat. Modificările sunt păstrate și vor fi trimise după remediere. <a href=""%2"">Vedeți starea sincronizării</a>."
"AskMerra does not sync any store view yet. Check its settings.","AskMerra nu sincronizează încă nicio vizualizare de magazin. Verificați setările AskMerra."
"AskMerra does not sync this store view. Check its settings.","AskMerra nu sincronizează această vizualizare de magazin. Verificați setările acesteia."
"AskMerra has an older version; the change is sent by the queue.","AskMerra are o versiune mai veche; modificarea este trimisă prin coadă."
"AskMerra has this version.","AskMerra are această versiune."
"AskMerra product sync","Sincronizare produse AskMerra"
"AskMerra refused the secret key (%1). Check that it is copied whole, not revoked, and that the AskMerra shop is active.","AskMerra a refuzat cheia secretă (%1). Verificați dacă a fost copiată integral, dacă nu a fost revocată și dacă magazinul AskMerra este activ."
"AskMerra refuses this store view's key since %1: %2","AskMerra refuză cheia acestei vizualizări de magazin începând cu %1: %2"
"AskMerra sync status","Starea sincronizării AskMerra"
"AskMerra: %1","AskMerra: %1"
"AskMerra: the catalog of %1 store view(s) is being rebuilt; only products whose content changed are sent. Follow it under Marketing > AskMerra > Sync status.","AskMerra: catalogul pentru %1 vizualizare/vizualizări de magazin este în curs de reconstruire; sunt trimise doar produsele al căror conținut s-a schimbat. Urmăriți reconstruirea în Marketing > AskMerra > Starea sincronizării."
"Attempts","Încercări"
"Automatic (Google Consent Mode / Tag Manager)","Automat (Google Consent Mode / Tag Manager)"
"Automatic (from the store view locale)","Automat (după localizarea vizualizării de magazin)"
"Being prepared: %1 products to go. The URL works once the whole catalog is ready.","În pregătire: mai sunt %1 produse. URL-ul funcționează după ce întregul catalog este gata."
"Being prepared: it is published once the whole catalog is ready (%1 products to go).","În pregătire: este publicat după ce întregul catalog este gata (mai sunt %1 produse)."
"Bottom left","Stânga jos"
"Bottom right","Dreapta jos"
"Brand attribute","Atribut pentru brand"
"Catalog","Catalog"
"Catalog, Search","Catalog, Căutare"
"Category IDs, separated by commas; their subcategories are excluded too. To leave out single products, set <strong>Hide from AskMerra</strong> on the product (AskMerra tab).","ID-urile categoriilor, separate prin virgule; subcategoriile lor sunt excluse și ele. Pentru a exclude produse individuale, setați <strong>Ascunde din AskMerra</strong> pe produs (fila AskMerra)."
"Change only for an AskMerra test environment.","Modificați doar pentru un mediu de test AskMerra."
"Check connection","Verificați conexiunea"
"Checking...","Se verifică..."
"Checks the keys as typed, before saving.","Verifică cheile așa cum au fost introduse, înainte de salvare."
"Connected to the AskMerra shop ""%1"".","Conectat la magazinul AskMerra „%1”."
"Connection","Conexiune"
"Create the keys in your AskMerra dashboard, under <strong>API keys</strong>. One AskMerra shop has one currency: a store view in another currency (or another brand) connects to its own AskMerra shop - switch the scope to that store view and enter its keys there.","Creați cheile în panoul AskMerra, la <strong>Chei API</strong>. Un magazin AskMerra are o singură monedă: o vizualizare de magazin cu altă monedă (sau alt brand) se conectează la propriul magazin AskMerra - schimbați domeniul de aplicare pe acea vizualizare de magazin și introduceți acolo cheile acesteia."
"Cron is sending the queue right now. Check again in a minute.","Cronul trimite coada chiar acum. Verificați din nou peste un minut."
"Daily check","Verificare zilnică"
"Daily check done: %1 missing products and %2 products that left the catalog were queued, %3 with special prices starting or ending today.","Verificarea zilnică s-a încheiat: au fost puse în coadă %1 produse lipsă și %2 produse care au ieșit din catalog, %3 cu prețuri speciale care încep sau se încheie astăzi."
"Daily maintenance at","Mentenanță zilnică la ora"
"Debug log","Jurnal de depanare"
"Description","Descriere"
"Desktop only.","Doar pe desktop."
"Enable AskMerra","Activare AskMerra"
"English","Engleză"
"Enter the secret key (sk_live_...) from your AskMerra dashboard, API keys.","Introduceți cheia secretă (sk_live_...) din panoul AskMerra, la Chei API."
"Error","Eroare"
"Every 12 hours","La fiecare 12 ore"
"Every 3 hours","La fiecare 3 ore"
"Every 6 hours","La fiecare 6 ore"
"Every 8 hours","La fiecare 8 ore"
"Every day","În fiecare zi"
"Every feed gets a new URL and the old ones stop working. Update the feed sources in AskMerra afterwards. Continue?","Fiecare feed primește un URL nou, iar cele vechi nu vor mai funcționa. Actualizați apoi sursele de feed în AskMerra. Continuați?"
"Every hour","La fiecare oră"
"Every month, on the 1st","În fiecare lună, pe data de 1"
"Every week, on Sunday (recommended)","În fiecare săptămână, duminica (recomandat)"
"Exclude categories","Excludere categorii"
"Failed","Eșuate"
"Feed URL","URL feed"
"Feed URL for AskMerra (Catalog, Add source, Feed URL): %1","URL de feed pentru AskMerra (Catalog, Adaugă o sursă, URL feed): %1"
"Feed URLs","URL-uri feed"
"Feed file","Fișier feed"
"For configurable products: the sizes, colours... a shopper can choose are sent as attributes of the product. The product itself is sent once, not once per variant.","Pentru produsele configurabile: mărimile, culorile... pe care le poate alege un client sunt trimise ca atribute ale produsului. Produsul în sine este trimis o singură dată, nu câte o dată pentru fiecare variantă."
"Format","Format"
"French","Franceză"
"Full rebuild","Reconstruire completă"
"Generate now or change the secret part on the Sync status page.","Generați acum sau schimbați partea secretă pe pagina Starea sincronizării."
"German","Germană"
"Give the feeds new URLs","Atribuiți URL-uri noi feedurilor"
"Go to the cart page","Merge la pagina coșului"
"Google Shopping XML","Google Shopping XML"
"Hide from AskMerra","Ascunde din AskMerra"
"Hide until it happens again","Ascundeți până la o nouă apariție"
"How AskMerra gets the catalog","Cum primește AskMerra catalogul"
"How products are matched between Magento and AskMerra. Product ID never changes; choose SKU only if your other AskMerra data already uses SKUs. Changing it later replaces the whole catalog in AskMerra.","Modul în care produsele sunt asociate între Magento și AskMerra. ID-ul produsului nu se schimbă niciodată; alegeți SKU doar dacă celelalte date ale dvs. din AskMerra folosesc deja SKU-uri. Schimbarea ulterioară a acestei setări înlocuiește întregul catalog din AskMerra."
"Images per product","Imagini per produs"
"In the AskMerra dashboard: Catalog, Add source, Feed URL. The URL holds a secret part - share it only with AskMerra.","În panoul AskMerra: Catalog, Adaugă o sursă, URL feed. URL-ul conține o parte secretă - partajați-l doar cu AskMerra."
"Include out-of-stock products","Includere produse cu stoc epuizat"
"Include variant options","Includere opțiuni de variantă"
"It has no name in this store view.","Nu are nume în această vizualizare de magazin."
"It is in an excluded category.","Se află într-o categorie exclusă."
"It is out of stock, and out-of-stock products are not sent.","Are stocul epuizat, iar produsele cu stoc epuizat nu sunt trimise."
"It is still in AskMerra and is removed by the queue.","Se află încă în AskMerra și este eliminat prin coadă."
"Italian","Italiană"
"JSON - all attributes (recommended)","JSON - toate atributele (recomandat)"
"Know the product being viewed","Cunoașterea produsului vizualizat"
"Language","Limbă"
"Language / currency","Limbă / monedă"
"Last product sent","Ultimul produs trimis"
"Latest errors","Cele mai recente erori"
"Look, greeting, colours and where the chat shows are set in the AskMerra widget designer. Headless storefronts (PWA Studio, ScandiPWA...) read these settings with the GraphQL query <code>askMerraWidgetConfig</code> - see the module README.","Aspectul, mesajul de bun venit, culorile și locul în care apare chatul se setează în designerul de widget AskMerra. Magazinele online headless (PWA Studio, ScandiPWA...) citesc aceste setări cu interogarea GraphQL <code>askMerraWidgetConfig</code> - consultați README-ul modulului."
"Magento cookie notice","Notificarea Magento privind cookie-urile"
"Magento cron has not processed the AskMerra queue in the last 15 minutes. Without cron nothing is sent: check that bin/magento cron:run runs every minute.","Cronul Magento nu a procesat coada AskMerra în ultimele 15 minute. Fără cron nu se trimite nimic: verificați dacă bin/magento cron:run rulează la fiecare minut."
"Manual (set by my cookie banner)","Manual (setat de bannerul meu de cookie-uri)"
"Next attempt","Următoarea încercare"
"No product with the ID or SKU ""%1"".","Nu există niciun produs cu ID-ul sau SKU-ul „%1”."
"No secret key: not needed with a product feed - AskMerra downloads the feed URL shown under Product feed.","Fără cheie secretă: nu este necesară în cazul unui feed de produse - AskMerra descarcă URL-ul de feed afișat la Feed de produse."
"No site key: the chat widget will not show on the storefront.","Fără cheie de site: widgetul de chat nu va fi afișat în magazinul online."
"No store view in this scope sends its catalog as a feed. Set ""How AskMerra gets the catalog"" to ""Product feed"" and save.","Nicio vizualizare de magazin din acest domeniu de aplicare nu își trimite catalogul ca feed. Setați „Cum primește AskMerra catalogul” la „Feed de produse” și salvați."
"Not in AskMerra yet.","Nu este încă în AskMerra."
"Not needed on this site","Nu este necesar pe acest site"
"Not offered in this store view: deleted, disabled, not visible, not in its website or of a product type that is not sent.","Nu este oferit în această vizualizare de magazin: este șters, dezactivat, nevizibil, nu este asociat site-ului web al acesteia sau este de un tip de produs care nu se trimite."
"Not syncing: no secret key","Nu se sincronizează: fără cheie secretă"
"Not written yet.","Nu a fost generat încă."
"Not written yet: it is written at the next scheduled run.","Nu a fost generat încă: se generează la următoarea rulare programată."
"Off","Dezactivat"
"Off by default so shoppers are not distracted while paying. The order success page always loads the widget when orders are reported.","Dezactivat implicit, pentru ca clienții să nu fie distrași în timp ce plătesc. Pagina de confirmare a comenzii încarcă întotdeauna widgetul atunci când comenzile sunt raportate."
"On product pages the assistant knows which product the shopper is looking at (""Is this good for dry skin?"").","Pe paginile de produs, asistentul știe ce produs vizualizează clientul („Este potrivit pentru pielea uscată?”)."
"On the order success page, so AskMerra can show the sales the assistant helped with. No name, e-mail or address is sent - only the order number, total and products.","Pe pagina de confirmare a comenzii, astfel încât AskMerra să poată afișa vânzările la care a contribuit asistentul. Nu se trimite niciun nume, e-mail sau adresă - doar numărul comenzii, totalul și produsele."
"Once a day","O dată pe zi"
"Only changed products are rebuilt; the file itself is rewritten from them in seconds, and only when something changed. Keep it at least as often as AskMerra downloads it (every 1 to 6 hours, depending on the plan).","Sunt reconstruite doar produsele modificate; fișierul în sine este regenerat din ele în câteva secunde și doar când s-a schimbat ceva. Setați o frecvență cel puțin egală cu cea cu care AskMerra îl descarcă (la intervale de 1 până la 6 ore, în funcție de plan)."
"Only products whose content changed are rebuilt and sent. Changes are picked up within about a minute by Magento cron; every day missing products are added and products that left the catalog are removed.","Sunt reconstruite și trimise doar produsele al căror conținut s-a schimbat. Modificările sunt preluate de cronul Magento în aproximativ un minut; în fiecare zi sunt adăugate produsele lipsă și sunt eliminate cele care au ieșit din catalog."
"Only what changed is rebuilt and sent: product, price and stock changes - also those made by imports and ERP integrations - are picked up within about a minute (Magento cron and the <em>AskMerra product sync</em> indexer on <em>Update by Schedule</em>, set on install). Every day the module also adds products that are missing in AskMerra and removes the ones that left the catalog. Large catalogs are fine: 50,000 products are not rebuilt unless they change.","Se reconstruiește și se trimite doar ce s-a schimbat: modificările de produs, preț și stoc - inclusiv cele făcute prin importuri și integrări ERP - sunt preluate în aproximativ un minut (cronul Magento și indexatorul <em>Sincronizare produse AskMerra</em> în modul <em>Actualizare programată</em>, setat la instalare). În fiecare zi, modulul adaugă, de asemenea, produsele care lipsesc din AskMerra și le elimină pe cele care au ieșit din catalog. Cataloagele mari nu sunt o problemă: 50.000 de produse nu sunt reconstruite decât dacă se schimbă."
"Only when started by hand","Doar la pornire manuală"
"Open on page load","Deschidere la încărcarea paginii"
"Open the sync status: errors, full rebuild, payload preview","Deschideți starea sincronizării: erori, reconstruire completă, previzualizarea datelor trimise"
"Orders are reported only with the shopper's analytics consent. <strong>Automatic</strong>: read from Google Consent Mode / Google Tag Manager. <strong>Magento cookie notice</strong>: when the shopper accepts Magento's cookie notice. <strong>Not needed</strong>: no consent banner is required on this site. <strong>Manual</strong>: your cookie banner calls <code>AskMerra.setConsent({analytics: true})</code>.","Comenzile sunt raportate doar cu consimțământul clientului pentru analiză. <strong>Automat</strong>: preluat din Google Consent Mode / Google Tag Manager. <strong>Notificarea Magento privind cookie-urile</strong>: când clientul acceptă notificarea Magento privind cookie-urile. <strong>Nu este necesar</strong>: pe acest site nu este necesar niciun banner de consimțământ. <strong>Manual</strong>: bannerul dvs. de cookie-uri apelează <code>AskMerra.setConsent({analytics: true})</code>."
"Position","Poziție"
"Preview","Previzualizare"
"Preview a product","Previzualizare produs"
"Product","Produs"
"Product %1 as AskMerra receives it:","Produsul %1 așa cum îl primește AskMerra:"
"Product %1 is not sent to AskMerra in this store view.","Produsul %1 nu este trimis către AskMerra în această vizualizare de magazin."
"Product %1 was processed. Preview it again to see the result.","Produsul %1 a fost procesat. Previzualizați-l din nou pentru a vedea rezultatul."
"Product ID (recommended)","ID produs (recomandat)"
"Product ID or SKU","ID produs sau SKU"
"Product attributes to include","Atribute de produs incluse"
"Product feed","Feed de produse"
"Product feed - AskMerra downloads a file","Feed de produse - AskMerra descarcă un fișier"
"Product identifier","Identificator produs"
"Product types","Tipuri de produse"
"Product visibility","Vizibilitate produs"
"Products in AskMerra","Produse în AskMerra"
"Products per request","Produse per cerere"
"Published %1 (%2 KB).","Publicat la %1 (%2 KB)."
"Push API","Push API"
"Push API - changes within a minute (recommended)","Push API - modificări în decurs de un minut (recomandat)"
"Push API, 1 to 500. Lower it if products have very long descriptions.","Push API, între 1 și 500. Reduceți valoarea dacă produsele au descrieri foarte lungi."
"Queues changed products for AskMerra. Keep it on ""Update by Schedule""; a full reindex rebuilds every product (only changed ones are sent).","Pune în coadă produsele modificate pentru AskMerra. Lăsați-l în modul „Actualizare programată”; o reindexare completă reconstruiește fiecare produs (sunt trimise doar cele modificate)."
"Rebuild every product of this store view? Only products whose content changed are sent.","Reconstruiți toate produsele acestei vizualizări de magazin? Sunt trimise doar produsele al căror conținut s-a schimbat."
"Recommended: the assistant then knows the product and can say it is out of stock - it never recommends it. With No, products leave AskMerra while out of stock.","Recomandat: astfel asistentul cunoaște produsul și poate spune că are stocul epuizat - nu îl recomandă niciodată. Cu „Nu”, produsele ies din AskMerra cât timp au stocul epuizat."
"Regenerate the feed","Regenerare feed"
"Remove every product of this store view from AskMerra? The assistant stops recommending them. A feed source must also be deleted in the AskMerra dashboard.","Eliminați din AskMerra toate produsele acestei vizualizări de magazin? Asistentul nu le va mai recomanda. O sursă de feed trebuie ștearsă și din panoul AskMerra."
"Remove its products from AskMerra","Eliminați produsele acesteia din AskMerra"
"Report orders to AskMerra","Raportare comenzi către AskMerra"
"Request timeout (seconds)","Timp limită pentru cerere (secunde)"
"Retry failed products","Reîncercați produsele eșuate"
"Romanian","Română"
"Run the daily check now","Rulați acum verificarea zilnică"
"SKU","SKU"
"Save the settings to start using this key.","Salvați setările pentru a începe să folosiți această cheie."
"Search","Căutare"
"Secret key","Cheie secretă"
"Send changes now","Trimiteți modificările acum"
"Send stock quantity","Trimitere cantitate în stoc"
"Send this product now","Trimiteți acest produs acum"
"Send to AskMerra now","Trimiteți acum către AskMerra"
"Sent as plain text (HTML, Page Builder styles and widget codes are removed), up to 20,000 characters.","Trimisă ca text simplu (codul HTML, stilurile Page Builder și codurile de widget sunt eliminate), de până la 20.000 de caractere."
"Sent or updated: %1, unchanged: %2, removed: %3, failed: %4.","Trimise sau actualizate: %1, neschimbate: %2, eliminate: %3, eșuate: %4."
"Server time. Adds missing products, removes products that left the catalog, picks up special prices that start or end today.","Ora serverului. Adaugă produsele lipsă, elimină produsele care au ieșit din catalog, preia prețurile speciale care încep sau se încheie astăzi."
"Settings","Setări"
"Settings of this store view","Setările acestei vizualizări de magazin"
"Short description","Descriere scurtă"
"Short description, then description","Descrierea scurtă, apoi descrierea"
"Show on the checkout page","Afișare pe pagina de finalizare a comenzii"
"Show the chat widget","Afișare widget de chat"
"Simple products go straight into the Magento cart and the mini cart refreshes; products with options (sizes, colours...) open their page. Also turn on ""Show add to cart"" in the AskMerra widget designer.","Produsele simple ajung direct în coșul Magento, iar minicoșul se actualizează; pentru produsele cu opțiuni (mărimi, culori...) se deschide pagina produsului. Activați și opțiunea Afișează butonul „Adaugă în coș” din designerul de widget AskMerra."
"Site key","Cheie de site"
"Site key set. In the AskMerra dashboard, allow the domain %1 for the widget (Install, Allowed domains), or the chat stays hidden.","Cheia de site este setată. În panoul AskMerra, permiteți domeniul %1 pentru widget (Instalare, Domenii permise); altfel, chatul rămâne ascuns."
"Spanish","Spaniolă"
"Starts with <code>pk_live_</code>. The public key of the chat widget. Add this store's domain to the allowed domains of your AskMerra shop.","Începe cu <code>pk_live_</code>. Cheia publică a widgetului de chat. Adăugați domeniul acestui magazin online la domeniile permise ale magazinului dvs. AskMerra."
"Starts with <code>sk_live_</code>. Used only by the server to send your catalog; it is stored encrypted and never reaches the storefront.","Începe cu <code>sk_live_</code>. Este folosită doar de server pentru a trimite catalogul; este stocată în formă criptată și nu ajunge niciodată în magazinul online."
"Stay on the page (mini cart refreshes)","Rămâne pe pagină (minicoșul se actualizează)"
"Store view ""%1"" has a language AskMerra does not serve: choose one under AskMerra > Connection > Language.","Vizualizarea de magazin „%1” are o limbă pe care AskMerra nu o acceptă: alegeți una în AskMerra > Conexiune > Limbă."
"Store views %1 send the same language to the same AskMerra shop: each overwrites the other. Give them different languages or different AskMerra shops.","Vizualizările de magazin %1 trimit aceeași limbă către același magazin AskMerra: se suprascriu reciproc. Atribuiți-le limbi diferite sau magazine AskMerra diferite."
"Storefront widget","Widget în magazinul online"
"Sync","Sincronizare"
"Sync status","Starea sincronizării"
"Sync status and actions","Starea sincronizării și acțiuni"
"The ""AskMerra product sync"" indexer is missing: run bin/magento setup:upgrade.","Indexatorul „Sincronizare produse AskMerra” lipsește: rulați bin/magento setup:upgrade."
"The ""AskMerra product sync"" indexer is on ""Update on Save"": changes made by imports or ERP integrations are missed. Set it to ""Update by Schedule"" (System > Index Management).","Indexatorul „Sincronizare produse AskMerra” este setat pe „Actualizare la salvare”: modificările făcute prin importuri sau integrări ERP nu sunt preluate. Setați-l pe „Actualizare programată” (Sistem > Administrare indexuri)."
"The <code>src</code> of the snippet in the AskMerra dashboard (Install); the snippet's other value is the site key above. The script is added to the <code>&lt;head&gt;</code> of every page - Luma, Hyvä and ScandiPWA alike.","Valoarea <code>src</code> din fragmentul de cod din panoul AskMerra (Instalare); cealaltă valoare a fragmentului este cheia de site de mai sus. Scriptul este adăugat în <code>&lt;head&gt;</code> pe fiecare pagină - la fel în Luma, Hyvä și ScandiPWA."
"The AI shopping assistant will not know or recommend this product.","Asistentul de cumpărături AI nu va cunoaște și nu va recomanda acest produs."
"The API URL must start with https://.","URL-ul API trebuie să înceapă cu https://."
"The action failed: %1","Acțiunea a eșuat: %1"
"The catalog is being prepared (%1 products to go); the feed is published once all of it is ready.","Catalogul este în pregătire (mai sunt %1 produse); feedul este publicat după ce este gata în întregime."
"The check could not run. Reload the page and try again.","Verificarea nu a putut rula. Reîncărcați pagina și încercați din nou."
"The details the assistant can use to answer and filter: e.g. skin type, ingredients, colour, size, material. Sent with their store view labels. Select several with Ctrl/Cmd. Avoid stock, prices and dates - they are sent separately.","Detaliile pe care asistentul le poate folosi pentru a răspunde și a filtra: de ex. tipul de piele, ingredientele, culoarea, mărimea, materialul. Sunt trimise cu etichetele lor din vizualizarea de magazin. Selectați mai multe cu Ctrl/Cmd. Evitați stocul, prețurile și datele - acestea sunt trimise separat."
"The feed URLs hold a secret part so only AskMerra can find them. If a URL was shared by mistake, give every feed a new one - then update the feed sources in the AskMerra dashboard.","URL-urile feedurilor conțin o parte secretă, astfel încât doar AskMerra să le poată găsi. Dacă un URL a fost partajat din greșeală, atribuiți fiecărui feed unul nou - apoi actualizați sursele de feed în panoul AskMerra."
"The feed was written: %1 products.","Feedul a fost generat: %1 produse."
"The feeds have new URLs. Update the feed sources in the AskMerra dashboard.","Feedurile au URL-uri noi. Actualizați sursele de feed în panoul AskMerra."
"The language this store view's products are sent in and the assistant answers in. Automatic uses the store view's locale (Stores > Configuration > General > Locale Options) when AskMerra supports it.","Limba în care sunt trimise produsele acestei vizualizări de magazin și în care răspunde asistentul. Opțiunea „Automat” folosește localizarea vizualizării de magazin (Magazine > Configurare > General > Opțiuni de localizare) când AskMerra o acceptă."
"The main image comes first; the chat shows it on the product card.","Imaginea principală este prima; chatul o afișează pe cardul produsului."
"The product could not be added to your cart. Please try again.","Produsul nu a putut fi adăugat în coș. Vă rugăm să încercați din nou."
"The secret key field holds the site key (pk_...). The secret key starts with sk_live_.","Câmpul pentru cheia secretă conține cheia de site (pk_...). Cheia secretă începe cu sk_live_."
"The site key field holds the secret key - remove it from there at once: the site key is public. The site key starts with pk_live_.","Câmpul pentru cheia de site conține cheia secretă - eliminați-o imediat de acolo: cheia de site este publică. Cheia de site începe cu pk_live_."
"The site key usually starts with pk_live_. Check that it was copied whole.","Cheia de site începe de obicei cu pk_live_. Verificați dacă a fost copiată integral."
"This product is no longer available.","Acest produs nu mai este disponibil."
"This store view does not send its catalog as a feed.","Această vizualizare de magazin nu își trimite catalogul ca feed."
"This store view no longer syncs, but AskMerra still has %1 of its products.","Această vizualizare de magazin nu se mai sincronizează, dar AskMerra are încă %1 dintre produsele sale."
"Turn AskMerra off for this store view first: otherwise its products are sent again at the next daily check.","Mai întâi dezactivați AskMerra pentru această vizualizare de magazin: altfel, produsele acesteia sunt trimise din nou la următoarea verificare zilnică."
"Unknown action.","Acțiune necunoscută."
"Used by the store views whose catalog is sent as a feed. Each store view has its own feed URL.","Folosit de vizualizările de magazin al căror catalog este trimis ca feed. Fiecare vizualizare de magazin are propriul URL de feed."
"View cart","Vezi coșul"
"Waiting to be sent","În așteptarea trimiterii"
"What AskMerra learns about your products. Saving changes here sends the whole catalog again. <strong>Note:</strong> AskMerra re-reads a product with AI (billed as usage) when its name, description, categories, brand or attributes change - pick attributes that describe the product, not ones that change every day.","Ce află AskMerra despre produsele dvs. Salvarea modificărilor de aici retrimite întregul catalog. <strong>Notă:</strong> AskMerra recitește un produs cu AI (facturat drept consum) când i se schimbă numele, descrierea, categoriile, brandul sau atributele - alegeți atribute care descriu produsul, nu atribute care se schimbă în fiecare zi."
"Widget script URL","URL script widget"
"Write the feed now","Generați feedul acum"
"Writes every request and response to var/log/askmerra.log. Errors are always logged.","Scrie fiecare cerere și răspuns în var/log/askmerra.log. Erorile sunt înregistrate întotdeauna."
"Your session has expired. Please refresh the page.","Sesiunea a expirat. Vă rugăm să reîncărcați pagina."
"never","niciodată"
"none: retry, or change the product","niciuna: reîncercați sau modificați produsul"
"products changed since; rewritten at the next scheduled run","produse modificate între timp; se regenerează la următoarea rulare programată"
"shop default","limba implicită a magazinului"
